left_card_id,left_name,right_card_id,right_name,runs_with_pair,pct_runs_with_pair,avg_damage,damage_vs_all_wins,avg_final_hp_fraction,avg_turns
BLOODLETTING,Bloodletting,POMMEL_STRIKE,Pommel Strike,97,60.2,388.0,6.8,0.495,115.5
POMMEL_STRIKE,Pommel Strike,SHRUG_IT_OFF,Shrug It Off,84,52.2,376.3,-4.9,0.532,116.9
BLOODLETTING,Bloodletting,SHRUG_IT_OFF,Shrug It Off,83,51.6,378.1,-3.1,0.535,114.5
BATTLE_TRANCE,Battle Trance,BLOODLETTING,Bloodletting,59,36.6,395.3,14.1,0.467,114.3
BLOODLETTING,Bloodletting,TRUE_GRIT,True Grit,58,36.0,385.1,3.9,0.538,117.9
BATTLE_TRANCE,Battle Trance,POMMEL_STRIKE,Pommel Strike,57,35.4,382.1,0.9,0.475,114.1
POMMEL_STRIKE,Pommel Strike,TRUE_GRIT,True Grit,56,34.8,377.9,-3.3,0.527,121.6
HEADBUTT,Headbutt,POMMEL_STRIKE,Pommel Strike,55,34.2,388.6,7.4,0.501,117.1
POMMEL_STRIKE,Pommel Strike,TREMBLE,Tremble,54,33.5,392.9,11.8,0.523,121.4
BURNING_PACT,Burning Pact,POMMEL_STRIKE,Pommel Strike,53,32.9,370.6,-10.6,0.486,119.5
DOMINATE,Dominate,POMMEL_STRIKE,Pommel Strike,53,32.9,370.7,-10.5,0.513,115.9
BLOODLETTING,Bloodletting,COLOSSUS,Colossus,53,32.9,377.0,-4.2,0.55,115.4
POMMEL_STRIKE,Pommel Strike,UPPERCUT,Uppercut,53,32.9,391.4,10.2,0.5,119.8
BLOODLETTING,Bloodletting,DOMINATE,Dominate,52,32.3,376.6,-4.6,0.523,114.2
COLOSSUS,Colossus,POMMEL_STRIKE,Pommel Strike,52,32.3,385.9,4.7,0.548,116.6
SHRUG_IT_OFF,Shrug It Off,TREMBLE,Tremble,52,32.3,396.5,15.3,0.555,123.8
BLOODLETTING,Bloodletting,TREMBLE,Tremble,52,32.3,402.3,21.1,0.526,117.6
BATTLE_TRANCE,Battle Trance,SHRUG_IT_OFF,Shrug It Off,51,31.7,382.6,1.4,0.498,115.4
SHRUG_IT_OFF,Shrug It Off,TRUE_GRIT,True Grit,51,31.7,385.2,4.0,0.539,122.3
BLOODLETTING,Bloodletting,UPPERCUT,Uppercut,51,31.7,391.9,10.7,0.518,118.4
BLOODLETTING,Bloodletting,BURNING_PACT,Burning Pact,50,31.1,375.6,-5.5,0.503,116.3
BURNING_PACT,Burning Pact,SHRUG_IT_OFF,Shrug It Off,50,31.1,378.8,-2.4,0.515,123.1
BLOOD_WALL,Blood Wall,POMMEL_STRIKE,Pommel Strike,50,31.1,385.5,4.3,0.475,113.9
BLOODLETTING,Bloodletting,HEADBUTT,Headbutt,50,31.1,397.9,16.7,0.496,117.5
BLOODLETTING,Bloodletting,BLOOD_WALL,Blood Wall,49,30.4,383.9,2.7,0.5,114.1
SHRUG_IT_OFF,Shrug It Off,UPPERCUT,Uppercut,49,30.4,395.0,13.8,0.513,121.1
POMMEL_STRIKE,Pommel Strike,TAUNT,Taunt,48,29.8,374.8,-6.4,0.498,118.8
BLOOD_WALL,Blood Wall,SHRUG_IT_OFF,Shrug It Off,48,29.8,381.9,0.7,0.505,117.8
HEADBUTT,Headbutt,SHRUG_IT_OFF,Shrug It Off,48,29.8,383.2,2.0,0.516,116.2
ARMAMENTS,Armaments,BLOODLETTING,Bloodletting,47,29.2,381.2,0.0,0.517,115.0
COLOSSUS,Colossus,SHRUG_IT_OFF,Shrug It Off,45,28.0,372.3,-8.9,0.604,115.4
SHRUG_IT_OFF,Shrug It Off,TAUNT,Taunt,43,26.7,369.1,-12.1,0.537,119.1
ARMAMENTS,Armaments,SHRUG_IT_OFF,Shrug It Off,43,26.7,378.3,-2.9,0.574,122.6
DOMINATE,Dominate,SHRUG_IT_OFF,Shrug It Off,43,26.7,378.5,-2.7,0.548,117.3
BLOODLETTING,Bloodletting,TAUNT,Taunt,43,26.7,387.7,6.5,0.509,115.0
ARMAMENTS,Armaments,POMMEL_STRIKE,Pommel Strike,42,26.1,399.0,17.8,0.525,118.7
BLOODLETTING,Bloodletting,VICIOUS,Vicious,41,25.5,391.1,9.9,0.578,117.4
EXPECT_A_FIGHT,Expect A Fight,SHRUG_IT_OFF,Shrug It Off,39,24.2,372.2,-9.0,0.541,119.8
FEEL_NO_PAIN,Feel No Pain,POMMEL_STRIKE,Pommel Strike,39,24.2,377.1,-4.1,0.52,119.8
BLOODLETTING,Bloodletting,FEEL_NO_PAIN,Feel No Pain,39,24.2,377.8,-3.4,0.552,116
POMMEL_STRIKE,Pommel Strike,VICIOUS,Vicious,39,24.2,392.1,10.9,0.554,119.1
BATTLE_TRANCE,Battle Trance,TRUE_GRIT,True Grit,37,23.0,396.9,15.8,0.469,118.4
FLAME_BARRIER,Flame Barrier,POMMEL_STRIKE,Pommel Strike,37,23.0,407.2,26.1,0.448,122.6
DOMINATE,Dominate,TREMBLE,Tremble,36,22.4,383.1,1.9,0.558,119.3
OFFERING,Offering,POMMEL_STRIKE,Pommel Strike,36,22.4,384.2,3.0,0.476,114.3
BATTLE_TRANCE,Battle Trance,DOMINATE,Dominate,35,21.7,380.5,-0.7,0.495,116.3
SHRUG_IT_OFF,Shrug It Off,VICIOUS,Vicious,35,21.7,383.4,2.2,0.572,117.9
EVIL_EYE,Evil Eye,POMMEL_STRIKE,Pommel Strike,35,21.7,388.8,7.6,0.521,117.0
BLOODLETTING,Bloodletting,FLAME_BARRIER,Flame Barrier,35,21.7,403.2,22.0,0.479,120.1
TRUE_GRIT,True Grit,UPPERCUT,Uppercut,34,21.1,391.2,10.0,0.534,127.1
BLOODLETTING,Bloodletting,OFFERING,Offering,34,21.1,405.4,24.2,0.48,114.8
OFFERING,Offering,SHRUG_IT_OFF,Shrug It Off,34,21.1,405.6,24.4,0.497,118.0
BURNING_PACT,Burning Pact,TRUE_GRIT,True Grit,33,20.5,356.9,-24.2,0.548,125.5
BLOODLETTING,Bloodletting,EXPECT_A_FIGHT,Expect A Fight,33,20.5,363.5,-17.6,0.515,114.3
EXPECT_A_FIGHT,Expect A Fight,POMMEL_STRIKE,Pommel Strike,32,19.9,376.7,-4.5,0.499,117.8
BATTLE_TRANCE,Battle Trance,BURNING_PACT,Burning Pact,32,19.9,378.6,-2.6,0.459,116.6
BURNING_PACT,Burning Pact,TREMBLE,Tremble,32,19.9,381.1,-0.1,0.523,121.3
FEEL_NO_PAIN,Feel No Pain,TRUE_GRIT,True Grit,32,19.9,383.0,1.8,0.528,125.2
BATTLE_TRANCE,Battle Trance,HEADBUTT,Headbutt,32,19.9,384.5,3.3,0.467,115.5
COLOSSUS,Colossus,UPPERCUT,Uppercut,32,19.9,385.1,3.9,0.54,117.5
POMMEL_STRIKE,Pommel Strike,SECOND_WIND,Second Wind,32,19.9,397.3,16.1,0.513,121.4
POMMEL_STRIKE,Pommel Strike,PYRE,Pyre,32,19.9,401.6,20.4,0.451,122.0
COLOSSUS,Colossus,TREMBLE,Tremble,32,19.9,402.7,21.5,0.569,119.2
FEEL_NO_PAIN,Feel No Pain,SHRUG_IT_OFF,Shrug It Off,31,19.3,364.3,-16.9,0.588,124.8
HEADBUTT,Headbutt,UPPERCUT,Uppercut,31,19.3,395.4,14.2,0.513,116.3
BLOODLETTING,Bloodletting,MOLTEN_FIST,Molten Fist,31,19.3,396.0,14.8,0.451,112.0
MOLTEN_FIST,Molten Fist,POMMEL_STRIKE,Pommel Strike,31,19.3,405.0,23.8,0.395,119.9
BLOOD_WALL,Blood Wall,TREMBLE,Tremble,31,19.3,406,24.8,0.52,120.8
COLOSSUS,Colossus,TRUE_GRIT,True Grit,30,18.6,361.1,-20.1,0.603,117.0
BLOODLETTING,Bloodletting,THUNDERCLAP,Thunderclap,30,18.6,380.5,-0.7,0.535,113.3
DOMINATE,Dominate,VICIOUS,Vicious,30,18.6,380.9,-0.3,0.564,112.1
EVIL_EYE,Evil Eye,SHRUG_IT_OFF,Shrug It Off,30,18.6,385,3.8,0.579,115.7
BATTLE_TRANCE,Battle Trance,UPPERCUT,Uppercut,30,18.6,399.6,18.4,0.46,120.4
BATTLE_TRANCE,Battle Trance,TREMBLE,Tremble,30,18.6,404.1,22.9,0.512,120.4
TREMBLE,Tremble,TRUE_GRIT,True Grit,30,18.6,405.8,24.6,0.539,127.1
ANGER,Anger,SHRUG_IT_OFF,Shrug It Off,29,18.0,367.5,-13.7,0.592,118.4
DOMINATE,Dominate,TRUE_GRIT,True Grit,29,18.0,369.7,-11.5,0.579,118.4
COLOSSUS,Colossus,DOMINATE,Dominate,29,18.0,371.7,-9.5,0.534,116.1
ANGER,Anger,POMMEL_STRIKE,Pommel Strike,29,18.0,376.1,-5.1,0.541,113.5
BLOOD_WALL,Blood Wall,HEADBUTT,Headbutt,29,18.0,376.8,-4.4,0.508,115.1
TAUNT,Taunt,TRUE_GRIT,True Grit,29,18.0,377.4,-3.8,0.543,122.8
ANGER,Anger,BLOODLETTING,Bloodletting,29,18.0,377.8,-3.4,0.619,112.6
FEEL_NO_PAIN,Feel No Pain,TREMBLE,Tremble,29,18.0,382.3,1.1,0.538,119.8
ASHEN_STRIKE,Ashen Strike,POMMEL_STRIKE,Pommel Strike,29,18.0,385.3,4.1,0.485,112.8
DOMINATE,Dominate,HEADBUTT,Headbutt,29,18.0,388.4,7.2,0.516,117.9
BURNING_PACT,Burning Pact,UPPERCUT,Uppercut,29,18.0,390.6,9.4,0.468,125.7
TREMBLE,Tremble,UPPERCUT,Uppercut,29,18.0,413.1,31.9,0.523,127.7
BURNING_PACT,Burning Pact,FEEL_NO_PAIN,Feel No Pain,28,17.4,355.8,-25.4,0.56,118.6
DOMINATE,Dominate,FEEL_NO_PAIN,Feel No Pain,28,17.4,357.5,-23.7,0.543,115.3
BLOOD_WALL,Blood Wall,COLOSSUS,Colossus,28,17.4,363.1,-18.1,0.565,114.8
SHRUG_IT_OFF,Shrug It Off,THUNDERCLAP,Thunderclap,28,17.4,371.7,-9.5,0.556,114.1
BLOODLETTING,Bloodletting,EVIL_EYE,Evil Eye,28,17.4,373.2,-7.9,0.61,110.0
FORGOTTEN_RITUAL,Forgotten Ritual,SHRUG_IT_OFF,Shrug It Off,28,17.4,377.8,-3.4,0.588,118.5
BLOODLETTING,Bloodletting,FORGOTTEN_RITUAL,Forgotten Ritual,28,17.4,379.9,-1.3,0.615,115.5
FORGOTTEN_RITUAL,Forgotten Ritual,POMMEL_STRIKE,Pommel Strike,28,17.4,380.6,-0.6,0.564,115.0
DOMINATE,Dominate,UPPERCUT,Uppercut,28,17.4,381.3,0.1,0.505,116.2
BLOOD_WALL,Blood Wall,BURNING_PACT,Burning Pact,28,17.4,383.5,2.3,0.503,117.6
BLOODLETTING,Bloodletting,INFERNO,Inferno,28,17.4,396.8,15.6,0.506,114.1
CRIMSON_MANTLE,Crimson Mantle,POMMEL_STRIKE,Pommel Strike,28,17.4,398.9,17.7,0.439,118.1
FLAME_BARRIER,Flame Barrier,SHRUG_IT_OFF,Shrug It Off,28,17.4,405.8,24.6,0.52,125.5
BLOODLETTING,Bloodletting,SECOND_WIND,Second Wind,28,17.4,410.7,29.5,0.524,121.9
HEADBUTT,Headbutt,TREMBLE,Tremble,28,17.4,413.7,32.5,0.48,123.1
BURNING_PACT,Burning Pact,TAUNT,Taunt,27,16.8,353.7,-27.5,0.545,119.7
FIEND_FIRE,Fiend Fire,POMMEL_STRIKE,Pommel Strike,27,16.8,361.4,-19.8,0.526,117.2
FIEND_FIRE,Fiend Fire,SHRUG_IT_OFF,Shrug It Off,27,16.8,372.6,-8.6,0.525,119.6
POMMEL_STRIKE,Pommel Strike,THUNDERCLAP,Thunderclap,27,16.8,373.3,-7.9,0.525,113.4
BURNING_PACT,Burning Pact,DOMINATE,Dominate,27,16.8,374.2,-7.0,0.483,114.3
HEADBUTT,Headbutt,TRUE_GRIT,True Grit,27,16.8,383.2,2.0,0.54,119.6
MOLTEN_FIST,Molten Fist,SHRUG_IT_OFF,Shrug It Off,27,16.8,384.3,3.1,0.491,115.9
BLOODLETTING,Bloodletting,FIEND_FIRE,Fiend Fire,27,16.8,384.3,3.1,0.48,118.4
PERFECTED_STRIKE,Perfected Strike,POMMEL_STRIKE,Pommel Strike,27,16.8,387.9,6.7,0.456,117.9
BATTLE_TRANCE,Battle Trance,TAUNT,Taunt,27,16.8,392.6,11.4,0.484,115.4
COLOSSUS,Colossus,HEADBUTT,Headbutt,27,16.8,399.4,18.3,0.541,117.4
INFERNO,Inferno,POMMEL_STRIKE,Pommel Strike,27,16.8,401.2,20.0,0.526,114.1
HEADBUTT,Headbutt,VICIOUS,Vicious,27,16.8,408.4,27.3,0.577,118.4
TAUNT,Taunt,UPPERCUT,Uppercut,26,16.1,382.6,1.4,0.473,120.0
BATTLE_TRANCE,Battle Trance,COLOSSUS,Colossus,26,16.1,390.2,9.0,0.521,112.3
ASHEN_STRIKE,Ashen Strike,BLOODLETTING,Bloodletting,26,16.1,396.2,15.0,0.476,115
BLOOD_WALL,Blood Wall,UPPERCUT,Uppercut,26,16.1,397.7,16.5,0.464,121.8
BLOODLETTING,Bloodletting,PYRE,Pyre,26,16.1,407.3,26.1,0.455,118
BURNING_PACT,Burning Pact,FORGOTTEN_RITUAL,Forgotten Ritual,25,15.5,361.0,-20.1,0.585,116.5
BLOOD_WALL,Blood Wall,TAUNT,Taunt,25,15.5,361.1,-20.1,0.45,115.3
ARMAMENTS,Armaments,TRUE_GRIT,True Grit,25,15.5,372.1,-9.1,0.55,126.6
ANGER,Anger,TREMBLE,Tremble,25,15.5,380.5,-0.7,0.582,117.3
ARMAMENTS,Armaments,BATTLE_TRANCE,Battle Trance,25,15.5,381.2,0.1,0.476,115.9
BLOOD_WALL,Blood Wall,DOMINATE,Dominate,25,15.5,382.7,1.5,0.524,113.8
BLOOD_WALL,Blood Wall,TRUE_GRIT,True Grit,25,15.5,386.2,5.0,0.514,117.3
BATTLE_TRANCE,Battle Trance,BLOOD_WALL,Blood Wall,25,15.5,394.3,13.1,0.392,107.5
COLOSSUS,Colossus,VICIOUS,Vicious,25,15.5,394.7,13.5,0.594,120.2
BLOOD_WALL,Blood Wall,VICIOUS,Vicious,25,15.5,395.2,14.1,0.561,113.0
COLOSSUS,Colossus,TAUNT,Taunt,24,14.9,355.6,-25.6,0.588,114.2
POMMEL_STRIKE,Pommel Strike,UNMOVABLE,Unmovable,24,14.9,364.0,-17.2,0.572,116.2
ASHEN_STRIKE,Ashen Strike,BATTLE_TRANCE,Battle Trance,24,14.9,371.8,-9.4,0.508,111.8
FEEL_NO_PAIN,Feel No Pain,UPPERCUT,Uppercut,24,14.9,374.8,-6.4,0.497,126.8
PERFECTED_STRIKE,Perfected Strike,SHRUG_IT_OFF,Shrug It Off,24,14.9,375.7,-5.5,0.501,117.3
TAUNT,Taunt,VICIOUS,Vicious,24,14.9,378.3,-2.9,0.554,118.2
CRIMSON_MANTLE,Crimson Mantle,SHRUG_IT_OFF,Shrug It Off,24,14.9,382.2,1.0,0.501,121.4
HEADBUTT,Headbutt,TAUNT,Taunt,24,14.9,388.9,7.7,0.471,117.3
UPPERCUT,Uppercut,VICIOUS,Vicious,24,14.9,392.3,11.1,0.592,115.5
OFFERING,Offering,TRUE_GRIT,True Grit,24,14.9,393.5,12.3,0.503,118.3
BLOODLETTING,Bloodletting,STOKE,Stoke,24,14.9,395.3,14.1,0.511,119.0
EVIL_EYE,Evil Eye,UPPERCUT,Uppercut,24,14.9,399.2,18.0,0.493,117.6
EVIL_EYE,Evil Eye,TREMBLE,Tremble,24,14.9,399.6,18.4,0.602,119.5
TREMBLE,Tremble,VICIOUS,Vicious,24,14.9,407.0,25.8,0.601,118.6
ARMAMENTS,Armaments,HEADBUTT,Headbutt,24,14.9,407.4,26.2,0.525,119.8
BLOODLETTING,Bloodletting,CRIMSON_MANTLE,Crimson Mantle,24,14.9,409.5,28.3,0.456,117.6
PYRE,Pyre,SHRUG_IT_OFF,Shrug It Off,24,14.9,415.5,34.3,0.497,124.7
DOMINATE,Dominate,EVIL_EYE,Evil Eye,23,14.3,352.2,-29.0,0.563,107.3
ARMAMENTS,Armaments,EXPECT_A_FIGHT,Expect A Fight,23,14.3,362.4,-18.8,0.554,121.4
BLOODLETTING,Bloodletting,UNMOVABLE,Unmovable,23,14.3,362.7,-18.5,0.563,119.3
POMMEL_STRIKE,Pommel Strike,STOKE,Stoke,23,14.3,388.8,7.6,0.514,115.7
POMMEL_STRIKE,Pommel Strike,RAGE,Rage,23,14.3,389.2,8.0,0.436,121.8
OFFERING,Offering,TREMBLE,Tremble,23,14.3,398.6,17.4,0.538,116.4
BATTLE_TRANCE,Battle Trance,PYRE,Pyre,23,14.3,399.1,17.9,0.415,119.0
POMMEL_STRIKE,Pommel Strike,STAMPEDE,Stampede,23,14.3,401.9,20.7,0.508,116.1
OFFERING,Offering,UPPERCUT,Uppercut,23,14.3,402.9,21.7,0.456,118.9
BURNING_PACT,Burning Pact,HEADBUTT,Headbutt,23,14.3,406.9,25.7,0.438,118.1
ARMAMENTS,Armaments,TREMBLE,Tremble,23,14.3,407.1,25.9,0.535,126.2
INFERNO,Inferno,SHRUG_IT_OFF,Shrug It Off,23,14.3,410.6,29.4,0.531,116.0
FLAME_BARRIER,Flame Barrier,UPPERCUT,Uppercut,23,14.3,423.5,42.3,0.443,130.6
SHRUG_IT_OFF,Shrug It Off,UNMOVABLE,Unmovable,22,13.7,344.7,-36.5,0.569,115.6
BURNING_PACT,Burning Pact,COLOSSUS,Colossus,22,13.7,351.5,-29.7,0.58,114.9
BATTLE_TRANCE,Battle Trance,EVIL_EYE,Evil Eye,22,13.7,358.9,-22.3,0.562,114.9
ARMAMENTS,Armaments,DOMINATE,Dominate,22,13.7,359.7,-21.5,0.543,111.7
ARMAMENTS,Armaments,BURNING_PACT,Burning Pact,22,13.7,361.9,-19.3,0.531,122.8
DOMINATE,Dominate,THUNDERCLAP,Thunderclap,22,13.7,368.2,-13.0,0.574,116.1
BATTLE_TRANCE,Battle Trance,FEEL_NO_PAIN,Feel No Pain,22,13.7,373.0,-8.1,0.532,120.9
DOMINATE,Dominate,OFFERING,Offering,22,13.7,376.9,-4.3,0.487,115.1
ASHEN_STRIKE,Ashen Strike,SHRUG_IT_OFF,Shrug It Off,22,13.7,380.4,-0.8,0.517,113.5
TRUE_GRIT,True Grit,VICIOUS,Vicious,22,13.7,381.3,0.1,0.599,121.6
BLOODLETTING,Bloodletting,RUPTURE,Rupture,22,13.7,385.8,4.6,0.491,112.9
POMMEL_STRIKE,Pommel Strike,RUPTURE,Rupture,22,13.7,394.4,13.2,0.483,113.0
PILLAGE,Pillage,POMMEL_STRIKE,Pommel Strike,22,13.7,397,15.8,0.477,110.4
BLOODLETTING,Bloodletting,PERFECTED_STRIKE,Perfected Strike,22,13.7,401.4,20.2,0.47,119.2
SHRUG_IT_OFF,Shrug It Off,STAMPEDE,Stampede,22,13.7,402.6,21.5,0.532,120.7
EXPECT_A_FIGHT,Expect A Fight,HEADBUTT,Headbutt,22,13.7,409.2,28.0,0.51,120.1
DOMINATE,Dominate,TAUNT,Taunt,21,13.0,365.6,-15.6,0.547,112.1
TAUNT,Taunt,TREMBLE,Tremble,21,13.0,365.8,-15.4,0.58,118.0
BATTLE_TRANCE,Battle Trance,THUNDERCLAP,Thunderclap,21,13.0,371.3,-9.9,0.485,113.1
FORGOTTEN_RITUAL,Forgotten Ritual,TRUE_GRIT,True Grit,21,13.0,371.5,-9.7,0.566,114.5
ARMAMENTS,Armaments,UPPERCUT,Uppercut,21,13.0,382.7,1.5,0.533,130.5
BATTLE_TRANCE,Battle Trance,FORGOTTEN_RITUAL,Forgotten Ritual,21,13.0,383.5,2.3,0.556,117.9
DOMINATE,Dominate,FLAME_BARRIER,Flame Barrier,21,13.0,383.8,2.6,0.449,123.6
BLOODLETTING,Bloodletting,PILLAGE,Pillage,21,13.0,388.9,7.7,0.506,111.5
BLOOD_WALL,Blood Wall,EVIL_EYE,Evil Eye,21,13.0,390.3,9.1,0.541,117.9
THUNDERCLAP,Thunderclap,VICIOUS,Vicious,21,13.0,393.2,12.1,0.59,114.9
FEEL_NO_PAIN,Feel No Pain,HEADBUTT,Headbutt,21,13.0,395.2,14.1,0.463,121.6
PILLAGE,Pillage,SHRUG_IT_OFF,Shrug It Off,21,13.0,395.4,14.2,0.481,111.2
BATTLE_TRANCE,Battle Trance,VICIOUS,Vicious,21,13.0,398.1,17.0,0.454,116.0
ARMAMENTS,Armaments,COLOSSUS,Colossus,21,13.0,401.1,20.0,0.496,121.4
BLOOD_WALL,Blood Wall,INFERNO,Inferno,21,13.0,401.3,20.1,0.525,113.9
BURNING_PACT,Burning Pact,FLAME_BARRIER,Flame Barrier,21,13.0,402.8,21.6,0.502,126
FORGOTTEN_RITUAL,Forgotten Ritual,TREMBLE,Tremble,21,13.0,404.1,22.9,0.592,117.5
BATTLE_TRANCE,Battle Trance,OFFERING,Offering,21,13.0,404.2,23.0,0.467,118.7
BLOODLETTING,Bloodletting,STAMPEDE,Stampede,21,13.0,408.3,27.1,0.514,116
ANGER,Anger,BURNING_PACT,Burning Pact,20,12.4,352.1,-29.1,0.607,115.6
BLOODLETTING,Bloodletting,DRUM_OF_BATTLE,Drum Of Battle,20,12.4,358.7,-22.5,0.592,115
COLOSSUS,Colossus,EXPECT_A_FIGHT,Expect A Fight,20,12.4,360.7,-20.5,0.533,120.2
POMMEL_STRIKE,Pommel Strike,STOMP,Stomp,20,12.4,361.9,-19.3,0.521,115.5
BURNING_PACT,Burning Pact,EVIL_EYE,Evil Eye,20,12.4,363.1,-18.1,0.57,118.5
DOMINATE,Dominate,FORGOTTEN_RITUAL,Forgotten Ritual,20,12.4,372,-9.2,0.628,113.5
ARMAMENTS,Armaments,FEEL_NO_PAIN,Feel No Pain,20,12.4,372.4,-8.8,0.518,121.0
FEEL_NO_PAIN,Feel No Pain,OFFERING,Offering,20,12.4,375.9,-5.2,0.487,118.7
BATTLE_TRANCE,Battle Trance,EXPECT_A_FIGHT,Expect A Fight,20,12.4,384.4,3.3,0.456,115.3
THUNDERCLAP,Thunderclap,TREMBLE,Tremble,20,12.4,386.2,5.1,0.562,116.5
BATTLE_TRANCE,Battle Trance,MOLTEN_FIST,Molten Fist,20,12.4,388.4,7.3,0.469,118.6
DARK_EMBRACE,Dark Embrace,POMMEL_STRIKE,Pommel Strike,20,12.4,390.3,9.1,0.522,117.8
ARMAMENTS,Armaments,FLAME_BARRIER,Flame Barrier,20,12.4,392,10.8,0.547,127.8
DOMINATE,Dominate,MOLTEN_FIST,Molten Fist,20,12.4,392.3,11.1,0.464,117.2
FEEL_NO_PAIN,Feel No Pain,MOLTEN_FIST,Molten Fist,20,12.4,394.7,13.5,0.454,120.9
BREAKTHROUGH,Breakthrough,POMMEL_STRIKE,Pommel Strike,20,12.4,397.3,16.1,0.385,109.2
BLOODLETTING,Bloodletting,RAGE,Rage,20,12.4,399.9,18.7,0.485,116.8
INFERNO,Inferno,UPPERCUT,Uppercut,20,12.4,426.3,45.1,0.508,120.9
CRIMSON_MANTLE,Crimson Mantle,TREMBLE,Tremble,20,12.4,433.1,51.9,0.422,128.1
POMMEL_STRIKE,Pommel Strike,STONE_ARMOR,Stone Armor,19,11.8,361.7,-19.4,0.561,133.6
BURNING_PACT,Burning Pact,VICIOUS,Vicious,19,11.8,370.2,-11.0,0.533,118.9
ANGER,Anger,BLOOD_WALL,Blood Wall,19,11.8,370.9,-10.2,0.625,114.5
BLOOD_WALL,Blood Wall,EXPECT_A_FIGHT,Expect A Fight,19,11.8,373.7,-7.5,0.433,114.9
EVIL_EYE,Evil Eye,MOLTEN_FIST,Molten Fist,19,11.8,374.1,-7.1,0.598,113
FIGHT_ME,Fight Me,SHRUG_IT_OFF,Shrug It Off,19,11.8,376.5,-4.7,0.498,109
ASHEN_STRIKE,Ashen Strike,DOMINATE,Dominate,19,11.8,379.2,-2.0,0.508,112.1
FIEND_FIRE,Fiend Fire,HEADBUTT,Headbutt,19,11.8,380.8,-0.3,0.483,119.5
POMMEL_STRIKE,Pommel Strike,UNRELENTING,Unrelenting,19,11.8,381.8,0.7,0.476,119.6
ARMAMENTS,Armaments,VICIOUS,Vicious,19,11.8,382.2,1.0,0.629,115.4
MAD_SCIENCE,Mad Science,POMMEL_STRIKE,Pommel Strike,19,11.8,382.7,1.5,0.461,109.8
BURNING_PACT,Burning Pact,SECOND_WIND,Second Wind,19,11.8,383.5,2.3,0.525,118.8
BATTLE_TRANCE,Battle Trance,FIEND_FIRE,Fiend Fire,19,11.8,383.5,2.3,0.452,119.5
BLOODLETTING,Bloodletting,DARK_EMBRACE,Dark Embrace,19,11.8,390.1,8.9,0.57,119
EVIL_EYE,Evil Eye,TRUE_GRIT,True Grit,19,11.8,394.3,13.1,0.612,122.8
ANGER,Anger,TRUE_GRIT,True Grit,19,11.8,396.4,15.2,0.538,121.4
BLOOD_WALL,Blood Wall,FEEL_NO_PAIN,Feel No Pain,19,11.8,398.6,17.4,0.499,123.2
BATTLE_TRANCE,Battle Trance,FLAME_BARRIER,Flame Barrier,19,11.8,400.9,19.7,0.394,116.2
HEADBUTT,Headbutt,MOLTEN_FIST,Molten Fist,19,11.8,401.1,19.9,0.44,122.4
FEEL_NO_PAIN,Feel No Pain,SECOND_WIND,Second Wind,19,11.8,401.9,20.7,0.572,122
MOLTEN_FIST,Molten Fist,TRUE_GRIT,True Grit,19,11.8,405,23.8,0.482,121.5
RAGE,Rage,SHRUG_IT_OFF,Shrug It Off,19,11.8,412.6,31.4,0.487,128.6
ASHEN_STRIKE,Ashen Strike,TREMBLE,Tremble,19,11.8,433.3,52.1,0.437,122.9
IMPERVIOUS,Impervious,SHRUG_IT_OFF,Shrug It Off,18,11.2,345.7,-35.5,0.684,117.1
EXPECT_A_FIGHT,Expect A Fight,VICIOUS,Vicious,18,11.2,357.1,-24.1,0.56,118.3
BLOODLETTING,Bloodletting,IMPERVIOUS,Impervious,18,11.2,360.1,-21.1,0.57,113.4
COLOSSUS,Colossus,FEEL_NO_PAIN,Feel No Pain,18,11.2,362.4,-18.8,0.535,121.2
OFFERING,Offering,TAUNT,Taunt,18,11.2,367.9,-13.3,0.483,115.6
BLOOD_WALL,Blood Wall,THUNDERCLAP,Thunderclap,18,11.2,368.8,-12.4,0.579,104.5
BLOODLETTING,Bloodletting,FIGHT_ME,Fight Me,18,11.2,369.1,-12.1,0.45,107.7
BLOODLETTING,Bloodletting,CASCADE,Cascade X,18,11.2,376.1,-5.1,0.462,112
CRUELTY,Cruelty,POMMEL_STRIKE,Pommel Strike,18,11.2,382.6,1.4,0.413,114.4
EVIL_EYE,Evil Eye,FEEL_NO_PAIN,Feel No Pain,18,11.2,383.7,2.5,0.602,118.8
COLOSSUS,Colossus,OFFERING,Offering,18,11.2,389.6,8.4,0.54,111.3
ARMAMENTS,Armaments,TAUNT,Taunt,18,11.2,392.6,11.4,0.582,120.7
ARMAMENTS,Armaments,BLOOD_WALL,Blood Wall,18,11.2,396.4,15.2,0.525,117.1
CRIMSON_MANTLE,Crimson Mantle,TRUE_GRIT,True Grit,18,11.2,398.3,17.1,0.533,122.6
BLOOD_WALL,Blood Wall,CRIMSON_MANTLE,Crimson Mantle,18,11.2,402,20.8,0.443,121.6
BATTLE_TRANCE,Battle Trance,SECOND_WIND,Second Wind,18,11.2,402.6,21.4,0.521,121.1
BLOODLETTING,Bloodletting,BREAKTHROUGH,Breakthrough,18,11.2,404.2,23.0,0.393,113.6
PYRE,Pyre,TRUE_GRIT,True Grit,18,11.2,409.2,28.0,0.436,119.9
HEADBUTT,Headbutt,PYRE,Pyre,18,11.2,412.6,31.4,0.546,130.7
PYRE,Pyre,UPPERCUT,Uppercut,18,11.2,415.2,34.0,0.439,128.7
FLAME_BARRIER,Flame Barrier,HEADBUTT,Headbutt,18,11.2,457.1,75.9,0.47,126.5
IMPERVIOUS,Impervious,POMMEL_STRIKE,Pommel Strike,17,10.6,345.3,-35.9,0.605,112.5
EXPECT_A_FIGHT,Expect A Fight,TRUE_GRIT,True Grit,17,10.6,349.2,-32.0,0.539,125.1
ANGER,Anger,DOMINATE,Dominate,17,10.6,354.8,-26.4,0.645,112.1
BLOODLETTING,Bloodletting,BREAK,Break,17,10.6,359.3,-21.9,0.527,108.5
SHRUG_IT_OFF,Shrug It Off,STONE_ARMOR,Stone Armor,17,10.6,361.8,-19.4,0.578,136.2
HEADBUTT,Headbutt,THUNDERCLAP,Thunderclap,17,10.6,366.2,-15.0,0.611,117.2
BURNING_PACT,Burning Pact,EXPECT_A_FIGHT,Expect A Fight,17,10.6,369.8,-11.4,0.495,126.4
POMMEL_STRIKE,Pommel Strike,THRASH,Thrash,17,10.6,371.2,-10.0,0.435,111.3
EXPECT_A_FIGHT,Expect A Fight,UPPERCUT,Uppercut,17,10.6,373.4,-7.8,0.434,122
BLOODLETTING,Bloodletting,THRASH,Thrash,17,10.6,376.6,-4.5,0.481,106
ANGER,Anger,BATTLE_TRANCE,Battle Trance,17,10.6,377.2,-4.0,0.532,113.5
ASHEN_STRIKE,Ashen Strike,TRUE_GRIT,True Grit,17,10.6,378.4,-2.8,0.532,118.2
DRUM_OF_BATTLE,Drum Of Battle,POMMEL_STRIKE,Pommel Strike,17,10.6,381.8,0.6,0.546,117.1
CRUELTY,Cruelty,SHRUG_IT_OFF,Shrug It Off,17,10.6,384.2,3.0,0.419,119.7
SECOND_WIND,Second Wind,SHRUG_IT_OFF,Shrug It Off,17,10.6,388.4,7.2,0.703,122.1
BLOOD_WALL,Blood Wall,MOLTEN_FIST,Molten Fist,17,10.6,388.5,7.3,0.464,116.3
FLAME_BARRIER,Flame Barrier,TRUE_GRIT,True Grit,17,10.6,388.8,7.6,0.532,131.6
THUNDERCLAP,Thunderclap,TRUE_GRIT,True Grit,17,10.6,390.8,9.6,0.512,120.4
BLOOD_WALL,Blood Wall,FIEND_FIRE,Fiend Fire,17,10.6,392.1,10.9,0.505,113.3
ANGER,Anger,HEADBUTT,Headbutt,17,10.6,392.6,11.4,0.561,120.7
SHRUG_IT_OFF,Shrug It Off,STOKE,Stoke,17,10.6,394.8,13.6,0.568,117.2
RAGE,Rage,UPPERCUT,Uppercut,17,10.6,397.4,16.2,0.476,128.7
BLOODLETTING,Bloodletting,TWIN_STRIKE,Twin Strike,17,10.6,398.5,17.3,0.4,113.9
CASCADE,Cascade X,POMMEL_STRIKE,Pommel Strike,17,10.6,400.4,19.2,0.433,114.2
RAGE,Rage,TREMBLE,Tremble,17,10.6,400.6,19.4,0.52,127.4
SHRUG_IT_OFF,Shrug It Off,UNRELENTING,Unrelenting,17,10.6,404.7,23.5,0.529,122.6
POMMEL_STRIKE,Pommel Strike,TWIN_STRIKE,Twin Strike,17,10.6,405.6,24.5,0.365,117.2
SECOND_WIND,Second Wind,TREMBLE,Tremble,17,10.6,410,28.8,0.584,122.9
BREAKTHROUGH,Breakthrough,SHRUG_IT_OFF,Shrug It Off,17,10.6,416.9,35.7,0.376,112.7
FLAME_BARRIER,Flame Barrier,TREMBLE,Tremble,17,10.6,418.6,37.4,0.485,131.3
BLOODLETTING,Bloodletting,INFLAME,Inflame,17,10.6,419,37.8,0.495,118.8
MOLTEN_FIST,Molten Fist,TREMBLE,Tremble,17,10.6,437.2,56.0,0.431,120.3
ANGER,Anger,TAUNT,Taunt,16,9.9,351.5,-29.7,0.568,112.8
SHRUG_IT_OFF,Shrug It Off,STOMP,Stomp,16,9.9,358.9,-22.2,0.564,121
DRUM_OF_BATTLE,Drum Of Battle,SHRUG_IT_OFF,Shrug It Off,16,9.9,363.3,-17.9,0.635,113.7
FEEL_NO_PAIN,Feel No Pain,FORGOTTEN_RITUAL,Forgotten Ritual,16,9.9,365.7,-15.5,0.63,114.7
ASHEN_STRIKE,Ashen Strike,EVIL_EYE,Evil Eye,16,9.9,368,-13.2,0.598,116.8
DOMINATE,Dominate,FIEND_FIRE,Fiend Fire,16,9.9,368.9,-12.3,0.569,118.9
HOWL_FROM_BEYOND,Howl From Beyond,SHRUG_IT_OFF,Shrug It Off,16,9.9,371.3,-9.9,0.599,123.1
EXPECT_A_FIGHT,Expect A Fight,TAUNT,Taunt,16,9.9,373.9,-7.2,0.515,116.9
DARK_EMBRACE,Dark Embrace,SHRUG_IT_OFF,Shrug It Off,16,9.9,374.4,-6.7,0.585,117.1
SHRUG_IT_OFF,Shrug It Off,TWIN_STRIKE,Twin Strike,16,9.9,376,-5.2,0.39,110.8
HELLRAISER,Hellraiser,POMMEL_STRIKE,Pommel Strike,16,9.9,381.6,0.4,0.527,114.6
STAMPEDE,Stampede,UPPERCUT,Uppercut,16,9.9,383.8,2.6,0.513,115.6
BURNING_PACT,Burning Pact,CASCADE,Cascade X,16,9.9,385.4,4.3,0.508,110.7
EVIL_EYE,Evil Eye,VICIOUS,Vicious,16,9.9,386.2,5.1,0.588,107.6
BURNING_PACT,Burning Pact,MOLTEN_FIST,Molten Fist,16,9.9,389.1,7.9,0.451,125.6
SHRUG_IT_OFF,Shrug It Off,THRASH,Thrash,16,9.9,389.9,8.8,0.439,106.4
ASHEN_STRIKE,Ashen Strike,BURNING_PACT,Burning Pact,16,9.9,390.1,8.9,0.554,116.4
HEADBUTT,Headbutt,PERFECTED_STRIKE,Perfected Strike,16,9.9,390.4,9.3,0.475,116.6
FIGHT_ME,Fight Me,POMMEL_STRIKE,Pommel Strike,16,9.9,393.3,12.1,0.437,110.5
FIEND_FIRE,Fiend Fire,TREMBLE,Tremble,16,9.9,395,13.8,0.553,126.2
BLOODLETTING,Bloodletting,MAD_SCIENCE,Mad Science,16,9.9,395.6,14.4,0.505,111.1
BURNING_PACT,Burning Pact,OFFERING,Offering,16,9.9,397.6,16.4,0.449,122
BLOODLETTING,Bloodletting,SPITE,Spite,16,9.9,399.1,17.9,0.462,114.6
FLAME_BARRIER,Flame Barrier,TAUNT,Taunt,16,9.9,400,18.8,0.499,130.1
HEADBUTT,Headbutt,OFFERING,Offering,16,9.9,401.4,20.2,0.496,112.1
HEADBUTT,Headbutt,PILLAGE,Pillage,16,9.9,402,20.8,0.46,110.9
FORGOTTEN_RITUAL,Forgotten Ritual,UPPERCUT,Uppercut,16,9.9,404.2,23.0,0.521,119.1
IRON_WAVE,Iron Wave,POMMEL_STRIKE,Pommel Strike,16,9.9,407,25.8,0.44,112.1
ANGER,Anger,UPPERCUT,Uppercut,16,9.9,413.5,32.3,0.529,119.2
CRIMSON_MANTLE,Crimson Mantle,UPPERCUT,Uppercut,16,9.9,422.6,41.4,0.447,126.4
SECOND_WIND,Second Wind,TRUE_GRIT,True Grit,16,9.9,424.5,43.3,0.541,129.7
BLOOD_WALL,Blood Wall,FLAME_BARRIER,Flame Barrier,16,9.9,426.2,45.0,0.39,124.4
BLOOD_WALL,Blood Wall,PYRE,Pyre,16,9.9,439.1,57.9,0.403,122.6
BLOODLETTING,Bloodletting,STOMP,Stomp,15,9.3,344.9,-36.3,0.568,104.3
EXPECT_A_FIGHT,Expect A Fight,FIEND_FIRE,Fiend Fire,15,9.3,356.9,-24.3,0.477,108.5
AGGRESSION,Aggression,POMMEL_STRIKE,Pommel Strike,15,9.3,362.7,-18.5,0.51,110.6
DOMINATE,Dominate,EXPECT_A_FIGHT,Expect A Fight,15,9.3,364.2,-17.0,0.506,118.5
ANGER,Anger,FORGOTTEN_RITUAL,Forgotten Ritual,15,9.3,365.4,-15.8,0.624,114.6
COLOSSUS,Colossus,THUNDERCLAP,Thunderclap,15,9.3,366.9,-14.3,0.574,116.7
ANGER,Anger,FEEL_NO_PAIN,Feel No Pain,15,9.3,367.1,-14.1,0.611,123
BREAK,Break,POMMEL_STRIKE,Pommel Strike,15,9.3,367.7,-13.5,0.464,117.7
FEEL_NO_PAIN,Feel No Pain,TAUNT,Taunt,15,9.3,369.5,-11.7,0.474,120.9
ARMAMENTS,Armaments,EVIL_EYE,Evil Eye,15,9.3,369.9,-11.3,0.656,108.7
DOMINATE,Dominate,STONE_ARMOR,Stone Armor,15,9.3,370.1,-11.1,0.615,125.2
FIEND_FIRE,Fiend Fire,TRUE_GRIT,True Grit,15,9.3,374,-7.2,0.539,122.6
BULLY,Bully,SHRUG_IT_OFF,Shrug It Off,15,9.3,374.1,-7.1,0.579,118.2
ASHEN_STRIKE,Ashen Strike,VICIOUS,Vicious,15,9.3,375.5,-5.7,0.51,109.3
FEEL_NO_PAIN,Feel No Pain,VICIOUS,Vicious,15,9.3,377.3,-3.9,0.592,121.2
HEADBUTT,Headbutt,RUPTURE,Rupture,15,9.3,379.1,-2.1,0.538,119.5
ANGER,Anger,VICIOUS,Vicious,15,9.3,379.1,-2.1,0.674,117
BLOOD_WALL,Blood Wall,PERFECTED_STRIKE,Perfected Strike,15,9.3,379.4,-1.8,0.553,123.1
ARMAMENTS,Armaments,PERFECTED_STRIKE,Perfected Strike,15,9.3,380,-1.2,0.512,117.1
BLOODLETTING,Bloodletting,UNRELENTING,Unrelenting,15,9.3,381.1,-0.1,0.409,113.5
STONE_ARMOR,Stone Armor,TRUE_GRIT,True Grit,15,9.3,382.2,1.0,0.581,138.7
BURNING_PACT,Burning Pact,RAGE,Rage,15,9.3,382.6,1.4,0.51,130.1
PERFECTED_STRIKE,Perfected Strike,TAUNT,Taunt,15,9.3,382.9,1.7,0.373,116.3
SHRUG_IT_OFF,Shrug It Off,SPITE,Spite,15,9.3,384.4,3.2,0.471,120.8
BATTLE_TRANCE,Battle Trance,PILLAGE,Pillage,15,9.3,384.9,3.7,0.461,111.4
AGGRESSION,Aggression,BLOODLETTING,Bloodletting,15,9.3,385.5,4.3,0.495,114.5
BLOODLETTING,Bloodletting,WHIRLWIND,Whirlwind X,15,9.3,385.7,4.5,0.48,113.6
IRON_WAVE,Iron Wave,TRUE_GRIT,True Grit,15,9.3,385.9,4.7,0.478,116.7
FEEL_NO_PAIN,Feel No Pain,STONE_ARMOR,Stone Armor,15,9.3,386.5,5.3,0.447,130.5
BLOODLETTING,Bloodletting,JUGGLING,Juggling,15,9.3,387.4,6.2,0.471,108.6
DOMINATE,Dominate,SECOND_WIND,Second Wind,15,9.3,389.3,8.1,0.526,121.5
IRON_WAVE,Iron Wave,SHRUG_IT_OFF,Shrug It Off,15,9.3,390.7,9.5,0.487,116.9
EVIL_EYE,Evil Eye,OFFERING,Offering,15,9.3,390.9,9.7,0.545,113.3
BATTLE_TRANCE,Battle Trance,RAGE,Rage,15,9.3,391.6,10.4,0.472,116.5
EVIL_EYE,Evil Eye,HEADBUTT,Headbutt,15,9.3,393.2,12.0,0.539,122.2
BLOODLETTING,Bloodletting,TEAR_ASUNDER,Tear Asunder,15,9.3,394.7,13.5,0.479,111
FIEND_FIRE,Fiend Fire,UPPERCUT,Uppercut,15,9.3,394.9,13.7,0.497,119.5
BATTLE_TRANCE,Battle Trance,CRUELTY,Cruelty,15,9.3,396.5,15.3,0.371,118.7
DOMINATE,Dominate,RAGE,Rage,15,9.3,396.7,15.5,0.457,119.5
MOLTEN_FIST,Molten Fist,OFFERING,Offering,15,9.3,397.3,16.1,0.418,116.5
MAD_SCIENCE,Mad Science,SHRUG_IT_OFF,Shrug It Off,15,9.3,398.3,17.1,0.554,114.2
COLOSSUS,Colossus,EVIL_EYE,Evil Eye,15,9.3,399.2,18.0,0.574,116.1
STONE_ARMOR,Stone Armor,TREMBLE,Tremble,15,9.3,399.5,18.3,0.489,135.2
BURNING_PACT,Burning Pact,UNRELENTING,Unrelenting,15,9.3,400.8,19.6,0.485,123.7
INFERNO,Inferno,TRUE_GRIT,True Grit,15,9.3,401.4,20.2,0.527,115.3
BLOODLETTING,Bloodletting,IRON_WAVE,Iron Wave,15,9.3,401.5,20.3,0.444,118.8
BATTLE_TRANCE,Battle Trance,CRIMSON_MANTLE,Crimson Mantle,15,9.3,402.2,21.0,0.433,116.2
FORGOTTEN_RITUAL,Forgotten Ritual,HEADBUTT,Headbutt,15,9.3,402.8,21.6,0.507,119.5
CRIMSON_MANTLE,Crimson Mantle,HEADBUTT,Headbutt,15,9.3,402.9,21.7,0.48,123.9
MOLTEN_FIST,Molten Fist,VICIOUS,Vicious,15,9.3,405.3,24.1,0.53,112.9
POMMEL_STRIKE,Pommel Strike,SWORD_BOOMERANG,Sword Boomerang,15,9.3,412.9,31.7,0.391,119.1
SECOND_WIND,Second Wind,TAUNT,Taunt,15,9.3,414.5,33.3,0.437,119.7
COLOSSUS,Colossus,FLAME_BARRIER,Flame Barrier,15,9.3,416.3,35.1,0.489,126.3
MOLTEN_FIST,Molten Fist,UPPERCUT,Uppercut,15,9.3,416.5,35.3,0.393,117.6
INFERNO,Inferno,TREMBLE,Tremble,15,9.3,424.3,43.1,0.521,130.5
COLOSSUS,Colossus,PYRE,Pyre,15,9.3,432.5,51.3,0.455,125.3
BURNING_PACT,Burning Pact,PYRE,Pyre,15,9.3,463.9,82.7,0.403,122.3
CASCADE,Cascade X,SHRUG_IT_OFF,Shrug It Off,14,8.7,357,-24.2,0.576,114
ARMAMENTS,Armaments,THUNDERCLAP,Thunderclap,14,8.7,361.6,-19.6,0.598,118.7
EVIL_EYE,Evil Eye,FORGOTTEN_RITUAL,Forgotten Ritual,14,8.7,362.2,-19.0,0.594,112
ANGER,Anger,COLOSSUS,Colossus,14,8.7,363.8,-17.4,0.678,112.3
UNMOVABLE,Unmovable,UPPERCUT,Uppercut,14,8.7,366.7,-14.5,0.552,117.3
BATTLE_TRANCE,Battle Trance,DARK_EMBRACE,Dark Embrace,14,8.7,367.2,-14.0,0.549,111.1
BURNING_PACT,Burning Pact,PERFECTED_STRIKE,Perfected Strike,14,8.7,368.1,-13.1,0.535,120.7
BLOODLETTING,Bloodletting,BRAND,Brand,14,8.7,368.5,-12.7,0.497,113
BURNING_PACT,Burning Pact,FIEND_FIRE,Fiend Fire,14,8.7,369,-12.2,0.532,112.5
ASHEN_STRIKE,Ashen Strike,TAUNT,Taunt,14,8.7,369.1,-12.1,0.581,111
BRAND,Brand,POMMEL_STRIKE,Pommel Strike,14,8.7,370.4,-10.8,0.423,114.9
THRASH,Thrash,TRUE_GRIT,True Grit,14,8.7,371.2,-10.0,0.431,116.9
EVIL_EYE,Evil Eye,TAUNT,Taunt,14,8.7,372.1,-9.0,0.527,107.6
COLOSSUS,Colossus,INFERNO,Inferno,14,8.7,373.9,-7.3,0.613,110.4
BLOOD_WALL,Blood Wall,RUPTURE,Rupture,14,8.7,374,-7.2,0.483,109.9
BLOODLETTING,Bloodletting,BLUDGEON,Bludgeon,14,8.7,375.2,-6.0,0.508,111.4
BURNING_PACT,Burning Pact,STONE_ARMOR,Stone Armor,14,8.7,375.4,-5.8,0.467,132.8
BULLY,Bully,POMMEL_STRIKE,Pommel Strike,14,8.7,376.7,-4.5,0.508,120.9
HOWL_FROM_BEYOND,Howl From Beyond,POMMEL_STRIKE,Pommel Strike,14,8.7,376.9,-4.3,0.624,124.7
AGGRESSION,Aggression,SHRUG_IT_OFF,Shrug It Off,14,8.7,380.1,-1.1,0.51,114
RUPTURE,Rupture,SHRUG_IT_OFF,Shrug It Off,14,8.7,380.8,-0.4,0.554,112.6
ARMAMENTS,Armaments,FIEND_FIRE,Fiend Fire,14,8.7,381.5,0.3,0.484,121.8
EXPECT_A_FIGHT,Expect A Fight,TREMBLE,Tremble,14,8.7,382.1,0.9,0.528,117.3
DOMINATE,Dominate,PYRE,Pyre,14,8.7,382.8,1.6,0.521,126.6
BLOODLETTING,Bloodletting,CRUELTY,Cruelty,14,8.7,383,1.8,0.386,115.7
BLOODLETTING,Bloodletting,HOWL_FROM_BEYOND,Howl From Beyond,14,8.7,383.1,2.0,0.663,119.4
MOLTEN_FIST,Molten Fist,TAUNT,Taunt,14,8.7,385.1,3.9,0.408,120.4
INFLAME,Inflame,POMMEL_STRIKE,Pommel Strike,14,8.7,387.5,6.3,0.477,117.4
STAMPEDE,Stampede,TAUNT,Taunt,14,8.7,387.6,6.4,0.466,113.5
BODY_SLAM,Body Slam,SHRUG_IT_OFF,Shrug It Off,14,8.7,388.4,7.2,0.632,138.8
BURNING_PACT,Burning Pact,STAMPEDE,Stampede,14,8.7,392.9,11.7,0.606,126.3
ARMAMENTS,Armaments,MOLTEN_FIST,Molten Fist,14,8.7,397.5,16.3,0.521,112.3
BLOOD_WALL,Blood Wall,FORGOTTEN_RITUAL,Forgotten Ritual,14,8.7,397.5,16.3,0.52,115.6
COLOSSUS,Colossus,FORGOTTEN_RITUAL,Forgotten Ritual,14,8.7,398.6,17.4,0.659,118.6
ASHEN_STRIKE,Ashen Strike,UPPERCUT,Uppercut,14,8.7,400.9,19.7,0.515,118.8
OFFERING,Offering,VICIOUS,Vicious,14,8.7,402.1,20.9,0.484,107.1
DARK_EMBRACE,Dark Embrace,TRUE_GRIT,True Grit,14,8.7,402.3,21.1,0.587,120.4
COLOSSUS,Colossus,CRIMSON_MANTLE,Crimson Mantle,14,8.7,403,21.8,0.462,119.2
HEADBUTT,Headbutt,INFERNO,Inferno,14,8.7,403.9,22.7,0.557,115.1
BATTLE_TRANCE,Battle Trance,INFERNO,Inferno,14,8.7,404.8,23.6,0.491,115.1
ARMAMENTS,Armaments,OFFERING,Offering,14,8.7,407.1,26.0,0.529,112.8
ASHEN_STRIKE,Ashen Strike,BLOOD_WALL,Blood Wall,14,8.7,409.4,28.2,0.497,115.2
PYRE,Pyre,TAUNT,Taunt,14,8.7,415.2,34.0,0.349,123.9
ARMAMENTS,Armaments,SECOND_WIND,Second Wind,14,8.7,415.5,34.3,0.541,117.1
BLOODLETTING,Bloodletting,NOT_YET,Not Yet,14,8.7,424.4,43.2,0.63,120.9
FEED,Feed,POMMEL_STRIKE,Pommel Strike,14,8.7,427.8,46.6,0.523,119.1
FLAME_BARRIER,Flame Barrier,PYRE,Pyre,14,8.7,445.4,64.2,0.484,132.1
COLOSSUS,Colossus,IMPERVIOUS,Impervious,13,8.1,345.3,-35.9,0.626,110.3
BARRICADE,Barricade,SHRUG_IT_OFF,Shrug It Off,13,8.1,346,-35.2,0.673,130.5
TAUNT,Taunt,UNRELENTING,Unrelenting,13,8.1,347.5,-33.6,0.563,120
EXPECT_A_FIGHT,Expect A Fight,MOLTEN_FIST,Molten Fist,13,8.1,352.8,-28.4,0.481,111.5
SHRUG_IT_OFF,Shrug It Off,WHIRLWIND,Whirlwind X,13,8.1,357.1,-24.1,0.494,123.8
EXTERMINATE,Exterminate,POMMEL_STRIKE,Pommel Strike,13,8.1,359,-22.2,0.529,99.4
DOMINATE,Dominate,THRASH,Thrash,13,8.1,359.2,-22.0,0.535,107.7
BLOOD_WALL,Blood Wall,IMPERVIOUS,Impervious,13,8.1,361.7,-19.5,0.662,112.8
BURNING_PACT,Burning Pact,STOMP,Stomp,13,8.1,362.2,-19.0,0.454,125.8
BREAK,Break,SHRUG_IT_OFF,Shrug It Off,13,8.1,365.3,-15.9,0.48,109.8
RUPTURE,Rupture,TRUE_GRIT,True Grit,13,8.1,367.5,-13.7,0.557,118.2
FEEL_NO_PAIN,Feel No Pain,FLAME_BARRIER,Flame Barrier,13,8.1,368.7,-12.5,0.493,125.5
EVIL_EYE,Evil Eye,THUNDERCLAP,Thunderclap,13,8.1,370.8,-10.4,0.581,107.2
BLOODLETTING,Bloodletting,MANGLE,Mangle,13,8.1,375.2,-6.0,0.488,113.2
BATTLE_TRANCE,Battle Trance,BREAKTHROUGH,Breakthrough,13,8.1,375.5,-5.7,0.419,109.1
MOLTEN_FIST,Molten Fist,THUNDERCLAP,Thunderclap,13,8.1,376,-5.2,0.525,112.8
DOMINATE,Dominate,PERFECTED_STRIKE,Perfected Strike,13,8.1,378.4,-2.8,0.461,110.3
RUPTURE,Rupture,UPPERCUT,Uppercut,13,8.1,379.6,-1.6,0.459,108.2
BLOODLETTING,Bloodletting,STONE_ARMOR,Stone Armor,13,8.1,382.7,1.5,0.583,119.2
ANGER,Anger,ARMAMENTS,Armaments,13,8.1,389,7.8,0.591,124.2
INFLAME,Inflame,SHRUG_IT_OFF,Shrug It Off,13,8.1,389.7,8.5,0.554,123.2
BATTLE_TRANCE,Battle Trance,STOKE,Stoke,13,8.1,389.9,8.7,0.509,119.1
BATTLE_TRANCE,Battle Trance,STAMPEDE,Stampede,13,8.1,390.2,9.0,0.498,117.1
BLOODLETTING,Bloodletting,DISMANTLE,Dismantle,13,8.1,393.9,12.7,0.479,117.1
HOWL_FROM_BEYOND,Howl From Beyond,UPPERCUT,Uppercut,13,8.1,396.3,15.1,0.523,124.4
ARMAMENTS,Armaments,PILLAGE,Pillage,13,8.1,396.8,15.6,0.543,114.5
BURNING_PACT,Burning Pact,CRIMSON_MANTLE,Crimson Mantle,13,8.1,397,15.8,0.428,116.9
DOMINATE,Dominate,INFERNO,Inferno,13,8.1,397.9,16.7,0.471,107.8
BLOOD_WALL,Blood Wall,OFFERING,Offering,13,8.1,398.8,17.6,0.411,116.3
ASHEN_STRIKE,Ashen Strike,COLOSSUS,Colossus,13,8.1,399,17.8,0.573,112.7
THUNDERCLAP,Thunderclap,UPPERCUT,Uppercut,13,8.1,401.5,20.3,0.556,117.8
EVIL_EYE,Evil Eye,SECOND_WIND,Second Wind,13,8.1,402.1,20.9,0.694,125.5
SECOND_WIND,Second Wind,UPPERCUT,Uppercut,13,8.1,403.9,22.7,0.545,128.9
PILLAGE,Pillage,TREMBLE,Tremble,13,8.1,405,23.8,0.585,116.8
ARMAMENTS,Armaments,CRIMSON_MANTLE,Crimson Mantle,13,8.1,405.9,24.7,0.388,118.4
COLOSSUS,Colossus,MOLTEN_FIST,Molten Fist,13,8.1,406.6,25.4,0.357,113.2
ASHEN_STRIKE,Ashen Strike,HEADBUTT,Headbutt,13,8.1,407.8,26.7,0.438,114.2
BLUDGEON,Bludgeon,SHRUG_IT_OFF,Shrug It Off,13,8.1,408.5,27.4,0.527,115.9
STOKE,Stoke,TREMBLE,Tremble,13,8.1,409.5,28.3,0.611,124.4
POMMEL_STRIKE,Pommel Strike,SPITE,Spite,13,8.1,410.2,29.0,0.395,118.3
PERFECTED_STRIKE,Perfected Strike,UPPERCUT,Uppercut,13,8.1,412.5,31.4,0.48,123.2
FLAME_BARRIER,Flame Barrier,OFFERING,Offering,13,8.1,414.8,33.7,0.482,125.7
UNRELENTING,Unrelenting,UPPERCUT,Uppercut,13,8.1,417.2,36.0,0.405,129.1
BATTLE_TRANCE,Battle Trance,IRON_WAVE,Iron Wave,13,8.1,417.8,36.6,0.406,111.8
HEADBUTT,Headbutt,RAGE,Rage,13,8.1,421,39.8,0.551,126.6
NOT_YET,Not Yet,POMMEL_STRIKE,Pommel Strike,13,8.1,430.2,49.0,0.602,124.1
EXPECT_A_FIGHT,Expect A Fight,FLAME_BARRIER,Flame Barrier,13,8.1,441.5,60.3,0.494,125.8
FLAME_BARRIER,Flame Barrier,UNRELENTING,Unrelenting,13,8.1,458.6,77.4,0.428,133.5
EXPECT_A_FIGHT,Expect A Fight,THUNDERCLAP,Thunderclap,12,7.5,333.2,-48.0,0.607,113.8
BURNING_PACT,Burning Pact,IMPERVIOUS,Impervious,12,7.5,345.5,-35.7,0.705,123.2
EVIL_EYE,Evil Eye,EXPECT_A_FIGHT,Expect A Fight,12,7.5,346.2,-35.0,0.522,105.8
FINESSE,Finesse,POMMEL_STRIKE,Pommel Strike,12,7.5,350.2,-30.9,0.573,118.2
BODY_SLAM,Body Slam,POMMEL_STRIKE,Pommel Strike,12,7.5,350.8,-30.4,0.547,128.8
COLOSSUS,Colossus,UNMOVABLE,Unmovable,12,7.5,352.2,-29.0,0.709,117.1
HEADBUTT,Headbutt,UNMOVABLE,Unmovable,12,7.5,354.4,-26.8,0.607,121
DARK_EMBRACE,Dark Embrace,DOMINATE,Dominate,12,7.5,356.1,-25.1,0.63,120.3
BRAND,Brand,SHRUG_IT_OFF,Shrug It Off,12,7.5,356.4,-24.8,0.492,107.6
POMMEL_STRIKE,Pommel Strike,WHIRLWIND,Whirlwind X,12,7.5,357.6,-23.6,0.524,119.3
FEEL_NO_PAIN,Feel No Pain,FIEND_FIRE,Fiend Fire,12,7.5,357.6,-23.6,0.631,122.3
ANGER,Anger,THUNDERCLAP,Thunderclap,12,7.5,357.7,-23.5,0.703,113.4
IMPERVIOUS,Impervious,TREMBLE,Tremble,12,7.5,358.7,-22.5,0.625,120.2
FEEL_NO_PAIN,Feel No Pain,RAGE,Rage,12,7.5,360.2,-21.0,0.533,118.2
STOMP,Stomp,TREMBLE,Tremble,12,7.5,363.9,-17.3,0.6,122.8
BLOOD_WALL,Blood Wall,DRUM_OF_BATTLE,Drum Of Battle,12,7.5,364.2,-17.0,0.612,111.3
BURNING_PACT,Burning Pact,FIGHT_ME,Fight Me,12,7.5,366.4,-14.8,0.486,106.8
HOWL_FROM_BEYOND,Howl From Beyond,TRUE_GRIT,True Grit,12,7.5,368.3,-12.9,0.642,133.7
BATTLE_TRANCE,Battle Trance,DRUM_OF_BATTLE,Drum Of Battle,12,7.5,369,-12.2,0.474,116.2
BULLY,Bully,MOLTEN_FIST,Molten Fist,12,7.5,371.6,-9.6,0.55,115.1
FIGHT_ME,Fight Me,TRUE_GRIT,True Grit,12,7.5,373.5,-7.7,0.49,115.4
EVIL_EYE,Evil Eye,STAMPEDE,Stampede,12,7.5,375.2,-5.9,0.582,111.5
JUGGLING,Juggling,POMMEL_STRIKE,Pommel Strike,12,7.5,375.2,-6.0,0.507,110.8
MANGLE,Mangle,POMMEL_STRIKE,Pommel Strike,12,7.5,376.1,-5.1,0.406,117.5
INFERNO,Inferno,RUPTURE,Rupture,12,7.5,377.2,-4.0,0.52,111.4
ARMAMENTS,Armaments,UNMOVABLE,Unmovable,12,7.5,378.2,-2.9,0.538,116.2
COLOSSUS,Colossus,STOKE,Stoke,12,7.5,379.5,-1.7,0.647,120.3
BURNING_PACT,Burning Pact,THUNDERCLAP,Thunderclap,12,7.5,382.9,1.7,0.482,116
FLAME_BARRIER,Flame Barrier,THUNDERCLAP,Thunderclap,12,7.5,383.6,2.4,0.507,117.8
RUPTURE,Rupture,TAUNT,Taunt,12,7.5,383.9,2.7,0.417,111.1
BATTLE_TRANCE,Battle Trance,PERFECTED_STRIKE,Perfected Strike,12,7.5,384,2.8,0.413,113.9
BLOOD_WALL,Blood Wall,RAGE,Rage,12,7.5,384.3,3.1,0.389,117.1
BURNING_PACT,Burning Pact,DRUM_OF_BATTLE,Drum Of Battle,12,7.5,389.4,8.2,0.529,114.2
BLOODLETTING,Bloodletting,PACTS_END,Pacts End,12,7.5,391.2,10.1,0.492,120.2
BLUDGEON,Bludgeon,POMMEL_STRIKE,Pommel Strike,12,7.5,391.5,10.3,0.491,113.9
SHOCKWAVE,Shockwave,TRUE_GRIT,True Grit,12,7.5,391.7,10.5,0.483,122.5
FIEND_FIRE,Fiend Fire,VICIOUS,Vicious,12,7.5,393.3,12.1,0.603,118.8
FORGOTTEN_RITUAL,Forgotten Ritual,THUNDERCLAP,Thunderclap,12,7.5,393.5,12.3,0.536,120.6
BURNING_PACT,Burning Pact,INFERNO,Inferno,12,7.5,395.2,14.1,0.652,118.4
MAD_SCIENCE,Mad Science,TRUE_GRIT,True Grit,12,7.5,396.4,15.2,0.445,111.7
STONE_ARMOR,Stone Armor,UPPERCUT,Uppercut,12,7.5,396.8,15.6,0.55,139.5
STOKE,Stoke,TRUE_GRIT,True Grit,12,7.5,397.2,16.0,0.557,119.5
ARMAMENTS,Armaments,STAMPEDE,Stampede,12,7.5,397.7,16.5,0.55,121.7
BURNING_PACT,Burning Pact,PACTS_END,Pacts End,12,7.5,398,16.8,0.611,127.2
FLAME_BARRIER,Flame Barrier,VICIOUS,Vicious,12,7.5,399.4,18.2,0.543,123.1
BLOOD_WALL,Blood Wall,BULLY,Bully,12,7.5,399.5,18.3,0.514,124.8
STAMPEDE,Stampede,TRUE_GRIT,True Grit,12,7.5,400.4,19.2,0.486,129.8
ASHEN_STRIKE,Ashen Strike,STOKE,Stoke,12,7.5,400.6,19.4,0.459,117.9
PACTS_END,Pacts End,POMMEL_STRIKE,Pommel Strike,12,7.5,402.2,21.1,0.53,125.9
EXPECT_A_FIGHT,Expect A Fight,PILLAGE,Pillage,12,7.5,402.9,21.7,0.442,109.2
OFFERING,Offering,SECOND_WIND,Second Wind,12,7.5,403.2,22.1,0.511,121.8
FORGOTTEN_RITUAL,Forgotten Ritual,VICIOUS,Vicious,12,7.5,403.2,22.1,0.699,119
TREMBLE,Tremble,UNRELENTING,Unrelenting,12,7.5,404.1,22.9,0.513,131
DRUM_OF_BATTLE,Drum Of Battle,HEADBUTT,Headbutt,12,7.5,404.1,22.9,0.497,116.4
INFLAME,Inflame,TREMBLE,Tremble,12,7.5,409.4,28.2,0.621,125.9
INFERNO,Inferno,VICIOUS,Vicious,12,7.5,412.2,31.0,0.616,115.7
BLOODLETTING,Bloodletting,SWORD_BOOMERANG,Sword Boomerang,12,7.5,414.5,33.3,0.463,115.6
MOLTEN_FIST,Molten Fist,PYRE,Pyre,12,7.5,416.3,35.1,0.311,126.8
ASHEN_STRIKE,Ashen Strike,INFERNO,Inferno,12,7.5,417.4,36.2,0.478,122.8
COLOSSUS,Colossus,SECOND_WIND,Second Wind,12,7.5,420.4,39.2,0.554,122.6
FEED,Feed,SHRUG_IT_OFF,Shrug It Off,12,7.5,421.8,40.6,0.644,122.7
HEADBUTT,Headbutt,SECOND_WIND,Second Wind,12,7.5,426.9,45.7,0.541,124.8
BLOODLETTING,Bloodletting,FEED,Feed,12,7.5,429.6,48.4,0.499,124.1
BATTLE_TRANCE,Battle Trance,INFLAME,Inflame,12,7.5,430.6,49.4,0.441,123.4
BLUDGEON,Bludgeon,BURNING_PACT,Burning Pact,12,7.5,446.2,65.1,0.543,121.5
PYRE,Pyre,TREMBLE,Tremble,12,7.5,447.3,66.1,0.467,136.5
FLAME_BARRIER,Flame Barrier,STAMPEDE,Stampede,12,7.5,451.8,70.6,0.505,122.2
EXPECT_A_FIGHT,Expect A Fight,FEEL_NO_PAIN,Feel No Pain,11,6.8,337,-44.2,0.488,132.5
ARMAMENTS,Armaments,FORGOTTEN_RITUAL,Forgotten Ritual,11,6.8,338.4,-42.8,0.738,113.4
COLOSSUS,Colossus,DRUM_OF_BATTLE,Drum Of Battle,11,6.8,344.6,-36.5,0.702,117.8
HEADBUTT,Headbutt,IMPERVIOUS,Impervious,11,6.8,348,-33.2,0.645,113.5
EXPECT_A_FIGHT,Expect A Fight,TWIN_STRIKE,Twin Strike,11,6.8,351.3,-29.9,0.446,109.5
DRUM_OF_BATTLE,Drum Of Battle,TRUE_GRIT,True Grit,11,6.8,351.6,-29.5,0.607,117.2
EXPECT_A_FIGHT,Expect A Fight,PERFECTED_STRIKE,Perfected Strike,11,6.8,354.6,-26.5,0.566,119.2
COLOSSUS,Colossus,RUPTURE,Rupture,11,6.8,356.5,-24.6,0.55,109.7
HEADBUTT,Headbutt,THRASH,Thrash,11,6.8,361.8,-19.4,0.557,108
IMPERVIOUS,Impervious,TAUNT,Taunt,11,6.8,362.1,-19.1,0.639,121.5
BATTLE_TRANCE,Battle Trance,STOMP,Stomp,11,6.8,362.6,-18.5,0.494,113.2
BATTLE_TRANCE,Battle Trance,THRASH,Thrash,11,6.8,363.2,-18.0,0.455,105.3
FIEND_FIRE,Fiend Fire,TAUNT,Taunt,11,6.8,364.8,-16.4,0.497,117
TRUE_GRIT,True Grit,UNMOVABLE,Unmovable,11,6.8,366.2,-15.0,0.532,121.1
PILLAGE,Pillage,UPPERCUT,Uppercut,11,6.8,367.5,-13.7,0.592,112.6
BREAK,Break,DOMINATE,Dominate,11,6.8,367.5,-13.7,0.517,116.9
OFFERING,Offering,UNMOVABLE,Unmovable,11,6.8,368.3,-12.9,0.543,112.8
BLOOD_WALL,Blood Wall,CRUELTY,Cruelty,11,6.8,371.3,-9.9,0.358,118
BLOODLETTING,Bloodletting,HAVOC,Havoc,11,6.8,371.5,-9.7,0.6,107.8
BATTLE_TRANCE,Battle Trance,TWIN_STRIKE,Twin Strike,11,6.8,373.4,-7.8,0.437,112.8
MOLTEN_FIST,Molten Fist,THRASH,Thrash,11,6.8,373.4,-7.8,0.45,113.5
COLOSSUS,Colossus,FIGHT_ME,Fight Me,11,6.8,373.5,-7.7,0.535,110.9
POMMEL_STRIKE,Pommel Strike,SHOCKWAVE,Shockwave,11,6.8,375,-6.2,0.54,112.4
FORGOTTEN_RITUAL,Forgotten Ritual,STOMP,Stomp,11,6.8,376.3,-4.9,0.503,116.7
BURNING_PACT,Burning Pact,STOKE,Stoke,11,6.8,376.5,-4.7,0.629,118.1
CRIMSON_MANTLE,Crimson Mantle,EXPECT_A_FIGHT,Expect A Fight,11,6.8,376.6,-4.5,0.463,123.5
HEADBUTT,Headbutt,IRON_WAVE,Iron Wave,11,6.8,377,-4.2,0.612,115.5
FEEL_NO_PAIN,Feel No Pain,HOWL_FROM_BEYOND,Howl From Beyond,11,6.8,377.4,-3.8,0.598,129.7
BATTLE_TRANCE,Battle Trance,JUGGLING,Juggling,11,6.8,378.5,-2.7,0.487,109
SHOCKWAVE,Shockwave,SHRUG_IT_OFF,Shrug It Off,11,6.8,379.5,-1.6,0.481,118.4
BURNING_PACT,Burning Pact,HOWL_FROM_BEYOND,Howl From Beyond,11,6.8,381.6,0.5,0.596,122.6
POMMEL_STRIKE,Pommel Strike,TEAR_ASUNDER,Tear Asunder,11,6.8,382.4,1.2,0.472,109.6
FEEL_NO_PAIN,Feel No Pain,PYRE,Pyre,11,6.8,383.8,2.6,0.412,130.7
CASCADE,Cascade X,HEADBUTT,Headbutt,11,6.8,385.5,4.3,0.476,113.5
MOLTEN_FIST,Molten Fist,RAGE,Rage,11,6.8,386.6,5.5,0.408,122.9
COLOSSUS,Colossus,FIEND_FIRE,Fiend Fire,11,6.8,387.5,6.4,0.53,126.1
ASHEN_STRIKE,Ashen Strike,OFFERING,Offering,11,6.8,387.7,6.5,0.406,111.6
BLOOD_WALL,Blood Wall,CASCADE,Cascade X,11,6.8,387.7,6.5,0.533,106.7
BREAKTHROUGH,Breakthrough,BURNING_PACT,Burning Pact,11,6.8,389,7.8,0.326,111.7
COLOSSUS,Colossus,JUGGLING,Juggling,11,6.8,389.1,7.9,0.478,107.4
ANGER,Anger,FIEND_FIRE,Fiend Fire,11,6.8,390.4,9.2,0.516,116.1
COLOSSUS,Colossus,DARK_EMBRACE,Dark Embrace,11,6.8,390.8,9.6,0.667,124.9
DRUM_OF_BATTLE,Drum Of Battle,UPPERCUT,Uppercut,11,6.8,391.6,10.5,0.577,118.9
OFFERING,Offering,THUNDERCLAP,Thunderclap,11,6.8,393.3,12.1,0.558,114.1
BLUDGEON,Bludgeon,TREMBLE,Tremble,11,6.8,393.7,12.5,0.469,117.9
BURNING_PACT,Burning Pact,MANGLE,Mangle,11,6.8,394.7,13.5,0.493,116.4
ARMAMENTS,Armaments,PYRE,Pyre,11,6.8,395.1,13.9,0.513,124.1
BULLY,Bully,TREMBLE,Tremble,11,6.8,395.7,14.5,0.505,130.6
BLOOD_WALL,Blood Wall,UNRELENTING,Unrelenting,11,6.8,398.5,17.3,0.385,118.6
RAGE,Rage,TRUE_GRIT,True Grit,11,6.8,398.7,17.5,0.545,130.3
DOMINATE,Dominate,INFLAME,Inflame,11,6.8,399.3,18.1,0.466,129.7
DISMANTLE,Dismantle,DOMINATE,Dominate,11,6.8,403.9,22.7,0.465,115.6
FLAME_BARRIER,Flame Barrier,SECOND_WIND,Second Wind,11,6.8,406.9,25.7,0.412,124
DISMANTLE,Dismantle,POMMEL_STRIKE,Pommel Strike,11,6.8,407.2,26.0,0.419,120.5
NOT_YET,Not Yet,TREMBLE,Tremble,11,6.8,407.5,26.3,0.693,124.9
HELLRAISER,Hellraiser,SHRUG_IT_OFF,Shrug It Off,11,6.8,408.1,26.9,0.519,117.8
EVIL_EYE,Evil Eye,PYRE,Pyre,11,6.8,409.5,28.4,0.504,128.5
ASHEN_STRIKE,Ashen Strike,MOLTEN_FIST,Molten Fist,11,6.8,411.5,30.4,0.542,122.2
EVIL_EYE,Evil Eye,INFERNO,Inferno,11,6.8,411.8,30.6,0.566,121.5
DISMANTLE,Dismantle,VICIOUS,Vicious,11,6.8,414.9,33.7,0.512,115.5
BLOODLETTING,Bloodletting,HELLRAISER,Hellraiser,11,6.8,416.2,35.0,0.593,116.9
BLOOD_WALL,Blood Wall,PILLAGE,Pillage,11,6.8,417.3,36.1,0.474,116.6
ASHEN_STRIKE,Ashen Strike,PYRE,Pyre,11,6.8,418.7,37.5,0.393,119.6
CRIMSON_MANTLE,Crimson Mantle,FEEL_NO_PAIN,Feel No Pain,11,6.8,419,37.8,0.497,134.5
OFFERING,Offering,STAMPEDE,Stampede,11,6.8,421.2,40.0,0.474,115.4
FLAME_BARRIER,Flame Barrier,RAGE,Rage,11,6.8,424.8,43.6,0.47,134.3
BREAKTHROUGH,Breakthrough,UPPERCUT,Uppercut,11,6.8,427.1,45.9,0.389,111.4
MAD_SCIENCE,Mad Science,UPPERCUT,Uppercut,11,6.8,428.1,46.9,0.507,117.4
HEADBUTT,Headbutt,UNRELENTING,Unrelenting,11,6.8,439.9,58.7,0.455,120.4
FLASH_OF_STEEL,Flash Of Steel,POMMEL_STRIKE,Pommel Strike,10,6.2,325.3,-55.9,0.572,117.2
FORGOTTEN_RITUAL,Forgotten Ritual,TAUNT,Taunt,10,6.2,332.5,-48.7,0.745,106.7
BLOOD_WALL,Blood Wall,STOMP,Stomp,10,6.2,335.6,-45.6,0.49,102.9
FIGHT_ME,Fight Me,TAUNT,Taunt,10,6.2,336.4,-44.8,0.506,110.5
IMPERVIOUS,Impervious,TRUE_GRIT,True Grit,10,6.2,339.7,-41.5,0.49,115.8
ANGER,Anger,RAGE,Rage,10,6.2,340.3,-40.9,0.621,109.4
DOMINATE,Dominate,STOMP,Stomp,10,6.2,341.4,-39.8,0.542,109.5
DOMINATE,Dominate,IMPERVIOUS,Impervious,10,6.2,344.7,-36.5,0.538,111.5
EVIL_EYE,Evil Eye,THRASH,Thrash,10,6.2,346.4,-34.8,0.579,103.1
BREAK,Break,MOLTEN_FIST,Molten Fist,10,6.2,346.8,-34.4,0.481,106.6
BLOOD_WALL,Blood Wall,UNMOVABLE,Unmovable,10,6.2,347.8,-33.4,0.62,120.6
ANGER,Anger,EXPECT_A_FIGHT,Expect A Fight,10,6.2,349.1,-32.1,0.518,115.9
EXPECT_A_FIGHT,Expect A Fight,UNMOVABLE,Unmovable,10,6.2,349.2,-32.0,0.466,117.8
FEEL_NO_PAIN,Feel No Pain,IMPERVIOUS,Impervious,10,6.2,349.7,-31.5,0.489,119.4
BATTLE_TRANCE,Battle Trance,IMPERVIOUS,Impervious,10,6.2,350,-31.2,0.535,119
EVIL_EYE,Evil Eye,STOMP,Stomp,10,6.2,350.4,-30.8,0.488,107.1
HEADBUTT,Headbutt,STOMP,Stomp,10,6.2,350.7,-30.5,0.497,109.8
BODY_SLAM,Body Slam,EVIL_EYE,Evil Eye,10,6.2,360.7,-20.5,0.567,121
BLOODLETTING,Bloodletting,FINESSE,Finesse,10,6.2,361.2,-20.0,0.551,117
BATTLE_TRANCE,Battle Trance,UNMOVABLE,Unmovable,10,6.2,364.5,-16.7,0.46,115.5
HAVOC,Havoc,SHRUG_IT_OFF,Shrug It Off,10,6.2,364.6,-16.6,0.474,120.1
IMPERVIOUS,Impervious,OFFERING,Offering,10,6.2,365.5,-15.7,0.575,119.7
FEEL_NO_PAIN,Feel No Pain,THUNDERCLAP,Thunderclap,10,6.2,366,-15.2,0.601,119.8
CASCADE,Cascade X,FEEL_NO_PAIN,Feel No Pain,10,6.2,366.2,-15.0,0.492,107.1
DOMINATE,Dominate,STOKE,Stoke,10,6.2,366.3,-14.9,0.531,114.3
DARK_EMBRACE,Dark Embrace,UPPERCUT,Uppercut,10,6.2,367.1,-14.1,0.588,122.8
STOMP,Stomp,UPPERCUT,Uppercut,10,6.2,368.2,-13.0,0.488,123.6
ANGER,Anger,PILLAGE,Pillage,10,6.2,368.4,-12.8,0.684,113
DOMINATE,Dominate,UNRELENTING,Unrelenting,10,6.2,368.8,-12.4,0.374,109.7
BATTLE_TRANCE,Battle Trance,UNRELENTING,Unrelenting,10,6.2,369.7,-11.5,0.429,112
THUNDERCLAP,Thunderclap,UNMOVABLE,Unmovable,10,6.2,370.2,-11.0,0.617,119
HEADBUTT,Headbutt,STONE_ARMOR,Stone Armor,10,6.2,370.9,-10.3,0.555,128.1
CRUELTY,Cruelty,UPPERCUT,Uppercut,10,6.2,371.8,-9.4,0.346,123
EXPECT_A_FIGHT,Expect A Fight,IRON_WAVE,Iron Wave,10,6.2,372.5,-8.7,0.522,119.3
MANGLE,Mangle,SHRUG_IT_OFF,Shrug It Off,10,6.2,372.7,-8.5,0.492,117.1
RAGE,Rage,THUNDERCLAP,Thunderclap,10,6.2,373.2,-8.0,0.528,114.7
HEMOKINESIS,Hemokinesis,POMMEL_STRIKE,Pommel Strike,10,6.2,373.4,-7.8,0.509,121.3
INFERNAL_BLADE,Infernal Blade,SHRUG_IT_OFF,Shrug It Off,10,6.2,373.9,-7.3,0.482,121.9
TAUNT,Taunt,THUNDERCLAP,Thunderclap,10,6.2,374,-7.2,0.52,114.3
EXPECT_A_FIGHT,Expect A Fight,FORGOTTEN_RITUAL,Forgotten Ritual,10,6.2,375.5,-5.7,0.526,129.3
BLOODLETTING,Bloodletting,EXTERMINATE,Exterminate,10,6.2,375.8,-5.4,0.515,100.9
BURNING_PACT,Burning Pact,THRASH,Thrash,10,6.2,377.7,-3.5,0.492,117.2
BREAK,Break,TRUE_GRIT,True Grit,10,6.2,377.7,-3.5,0.545,115.6
BATTLE_TRANCE,Battle Trance,FIGHT_ME,Fight Me,10,6.2,378.1,-3.1,0.398,108.3
BLOODLETTING,Bloodletting,BULLY,Bully,10,6.2,378.5,-2.7,0.554,108.1
CASCADE,Cascade X,TAUNT,Taunt,10,6.2,378.7,-2.5,0.472,111.8
ANGER,Anger,STOKE,Stoke,10,6.2,379.3,-1.9,0.573,113.6
BURNING_PACT,Burning Pact,WHIRLWIND,Whirlwind X,10,6.2,380.3,-0.9,0.436,119.9
STAMPEDE,Stampede,TREMBLE,Tremble,10,6.2,380.7,-0.5,0.538,111.7
HEMOKINESIS,Hemokinesis,UPPERCUT,Uppercut,10,6.2,381.2,0.0,0.493,122.3
INFERNO,Inferno,TAUNT,Taunt,10,6.2,384.4,3.2,0.461,109.7
BLOODLETTING,Bloodletting,SHOCKWAVE,Shockwave,10,6.2,384.4,3.2,0.575,113.7
BLUDGEON,Bludgeon,FEEL_NO_PAIN,Feel No Pain,10,6.2,384.8,3.6,0.522,116.5
COLOSSUS,Colossus,INFLAME,Inflame,10,6.2,386.9,5.7,0.535,120.9
HEMOKINESIS,Hemokinesis,TRUE_GRIT,True Grit,10,6.2,386.9,5.7,0.472,125.5
BODY_SLAM,Body Slam,UPPERCUT,Uppercut,10,6.2,388.2,7.0,0.403,136.2
CRUELTY,Cruelty,HEADBUTT,Headbutt,10,6.2,388.8,7.6,0.371,117.5
STOKE,Stoke,UPPERCUT,Uppercut,10,6.2,389.5,8.3,0.558,121.9
BLOOD_WALL,Blood Wall,FIGHT_ME,Fight Me,10,6.2,390.7,9.5,0.501,104.4
BULLY,Bully,FEEL_NO_PAIN,Feel No Pain,10,6.2,390.7,9.5,0.472,129.4
UNMOVABLE,Unmovable,VICIOUS,Vicious,10,6.2,391.5,10.3,0.607,121.1
ARMAMENTS,Armaments,FIGHT_ME,Fight Me,10,6.2,391.6,10.4,0.511,113
JUGGLING,Juggling,SHRUG_IT_OFF,Shrug It Off,10,6.2,394.2,13.0,0.505,113.8
CRUELTY,Cruelty,EXPECT_A_FIGHT,Expect A Fight,10,6.2,394.6,13.4,0.356,126.7
BLOODLETTING,Bloodletting,CINDER,Cinder,10,6.2,395.2,14.0,0.513,114.5
FIEND_FIRE,Fiend Fire,MOLTEN_FIST,Molten Fist,10,6.2,396,14.8,0.504,114.6
HEADBUTT,Headbutt,HOWL_FROM_BEYOND,Howl From Beyond,10,6.2,396.5,15.3,0.564,119.7
BURNING_PACT,Burning Pact,PILLAGE,Pillage,10,6.2,396.8,15.6,0.43,109.1
PERFECTED_STRIKE,Perfected Strike,TRUE_GRIT,True Grit,10,6.2,396.8,15.6,0.495,124.8
BREAKTHROUGH,Breakthrough,TRUE_GRIT,True Grit,10,6.2,398,16.8,0.425,114.5
BLOOD_WALL,Blood Wall,SPITE,Spite,10,6.2,399.1,17.9,0.404,119
BLOOD_WALL,Blood Wall,STAMPEDE,Stampede,10,6.2,399.7,18.5,0.436,116.7
ANGER,Anger,EVIL_EYE,Evil Eye,10,6.2,400.1,18.9,0.583,115.3
COLOSSUS,Colossus,PERFECTED_STRIKE,Perfected Strike,10,6.2,400.6,19.4,0.553,123.9
PERFECTED_STRIKE,Perfected Strike,VICIOUS,Vicious,10,6.2,401.6,20.4,0.572,122.3
FEEL_NO_PAIN,Feel No Pain,SPITE,Spite,10,6.2,402,20.8,0.522,127.7
BLOOD_WALL,Blood Wall,INFLAME,Inflame,10,6.2,403.4,22.2,0.593,127.7
BATTLE_TRANCE,Battle Trance,SPITE,Spite,10,6.2,403.6,22.4,0.446,114.1
PILLAGE,Pillage,TRUE_GRIT,True Grit,10,6.2,404,22.8,0.489,124.1
BLOODLETTING,Bloodletting,DEMON_FORM,Demon Form,10,6.2,405.3,24.1,0.439,119.9
ARMAMENTS,Armaments,INFERNO,Inferno,10,6.2,405.7,24.5,0.494,117
ANGER,Anger,CRIMSON_MANTLE,Crimson Mantle,10,6.2,405.8,24.6,0.46,114.9
JUGGLING,Juggling,OFFERING,Offering,10,6.2,406.2,25.0,0.459,108.6
SHRUG_IT_OFF,Shrug It Off,SWORD_BOOMERANG,Sword Boomerang,10,6.2,406.9,25.7,0.399,113.4
CONFLAGRATION,Conflagration,POMMEL_STRIKE,Pommel Strike,10,6.2,407.8,26.6,0.526,118.9
HEADBUTT,Headbutt,MANGLE,Mangle,10,6.2,408.1,26.9,0.422,121
CRIMSON_MANTLE,Crimson Mantle,DOMINATE,Dominate,10,6.2,408.8,27.6,0.49,125.7
FEEL_NO_PAIN,Feel No Pain,INFERNO,Inferno,10,6.2,409.9,28.7,0.518,119.2
OFFERING,Offering,STOKE,Stoke,10,6.2,410,28.8,0.415,122.5
RAGE,Rage,VICIOUS,Vicious,10,6.2,413.2,32.0,0.487,115.3
BLOOD_WALL,Blood Wall,TEAR_ASUNDER,Tear Asunder,10,6.2,413.3,32.1,0.437,108.1
NOT_YET,Not Yet,SHRUG_IT_OFF,Shrug It Off,10,6.2,417,35.8,0.678,124.6
PACTS_END,Pacts End,TREMBLE,Tremble,10,6.2,418,36.8,0.48,119
BATTLE_TRANCE,Battle Trance,MAD_SCIENCE,Mad Science,10,6.2,418.7,37.5,0.394,112
FLAME_BARRIER,Flame Barrier,RUPTURE,Rupture,10,6.2,423.4,42.2,0.401,114.4
BODY_SLAM,Body Slam,BURNING_PACT,Burning Pact,10,6.2,424.3,43.1,0.62,149.3
CRIMSON_MANTLE,Crimson Mantle,INFERNO,Inferno,10,6.2,424.9,43.7,0.52,122.3
INFLAME,Inflame,UPPERCUT,Uppercut,10,6.2,425,43.8,0.456,124.7
BLOOD_WALL,Blood Wall,BREAKTHROUGH,Breakthrough,10,6.2,425.3,44.1,0.231,109.8
INFERNO,Inferno,OFFERING,Offering,10,6.2,425.5,44.3,0.439,118
COLOSSUS,Colossus,NOT_YET,Not Yet,10,6.2,425.6,44.4,0.662,131.1
OFFERING,Offering,RAGE,Rage,10,6.2,426.1,44.9,0.459,125.1
BREAKTHROUGH,Breakthrough,HEADBUTT,Headbutt,10,6.2,434.8,53.6,0.324,118.3
ASHEN_STRIKE,Ashen Strike,SECOND_WIND,Second Wind,10,6.2,436,54.8,0.553,126.2
SPITE,Spite,TRUE_GRIT,True Grit,10,6.2,442.9,61.7,0.362,122.8
PYRE,Pyre,VICIOUS,Vicious,10,6.2,443.4,62.2,0.604,128.7
FEED,Feed,TRUE_GRIT,True Grit,10,6.2,450,68.8,0.494,132.3
EXPECT_A_FIGHT,Expect A Fight,PYRE,Pyre,10,6.2,459.9,78.7,0.406,130.9
ONE_TWO_PUNCH,One Two Punch,SHRUG_IT_OFF,Shrug It Off,9,5.6,301.9,-79.3,0.641,99.1
FEEL_NO_PAIN,Feel No Pain,STOMP,Stomp,9,5.6,306,-75.2,0.525,113.3
BLOODLETTING,Bloodletting,ONE_TWO_PUNCH,One Two Punch,9,5.6,331.7,-49.5,0.558,100.2
BURNING_PACT,Burning Pact,DARK_EMBRACE,Dark Embrace,9,5.6,335.9,-45.3,0.559,112.3
BLOODLETTING,Bloodletting,FLASH_OF_STEEL,Flash Of Steel,9,5.6,337.9,-43.3,0.524,111.3
IMPERVIOUS,Impervious,THUNDERCLAP,Thunderclap,9,5.6,340.7,-40.5,0.695,111.6
STOKE,Stoke,TAUNT,Taunt,9,5.6,341.7,-39.5,0.519,112.1
FIEND_FIRE,Fiend Fire,THUNDERCLAP,Thunderclap,9,5.6,344.7,-36.5,0.647,107.1
FINESSE,Finesse,SHRUG_IT_OFF,Shrug It Off,9,5.6,345.6,-35.6,0.622,116.9
ONE_TWO_PUNCH,One Two Punch,POMMEL_STRIKE,Pommel Strike,9,5.6,345.7,-35.5,0.53,105.4
DRUM_OF_BATTLE,Drum Of Battle,FORGOTTEN_RITUAL,Forgotten Ritual,9,5.6,345.7,-35.5,0.696,113.7
BREAK,Break,COLOSSUS,Colossus,9,5.6,346.6,-34.6,0.592,111.3
DOMINATE,Dominate,UNMOVABLE,Unmovable,9,5.6,348.4,-32.7,0.648,118
BLOOD_WALL,Blood Wall,MANGLE,Mangle,9,5.6,349.1,-32.1,0.407,103.8
BARRICADE,Barricade,POMMEL_STRIKE,Pommel Strike,9,5.6,350.2,-31.0,0.733,125
FEEL_NO_PAIN,Feel No Pain,THRASH,Thrash,9,5.6,353.1,-28.1,0.5,121
DOMINATE,Dominate,MAD_SCIENCE,Mad Science,9,5.6,357,-24.2,0.466,118.8
FINESSE,Finesse,TRUE_GRIT,True Grit,9,5.6,357.9,-23.3,0.499,122.8
EVIL_EYE,Evil Eye,RAGE,Rage,9,5.6,359,-22.2,0.532,114.6
ARMAMENTS,Armaments,RUPTURE,Rupture,9,5.6,360.8,-20.4,0.479,108.7
ARMAMENTS,Armaments,ASHEN_STRIKE,Ashen Strike,9,5.6,360.8,-20.4,0.493,116.8
BURNING_PACT,Burning Pact,CRUELTY,Cruelty,9,5.6,360.9,-20.3,0.309,122.1
EXPECT_A_FIGHT,Expect A Fight,RUPTURE,Rupture,9,5.6,361,-20.2,0.538,116.3
FORGOTTEN_RITUAL,Forgotten Ritual,MOLTEN_FIST,Molten Fist,9,5.6,361.3,-19.9,0.585,118.7
FEEL_NO_PAIN,Feel No Pain,PACTS_END,Pacts End,9,5.6,362.6,-18.6,0.616,122.2
TREMBLE,Tremble,UNMOVABLE,Unmovable,9,5.6,362.9,-18.3,0.663,116.8
PACTS_END,Pacts End,TRUE_GRIT,True Grit,9,5.6,363.4,-17.7,0.609,130.3
ARMAMENTS,Armaments,UNRELENTING,Unrelenting,9,5.6,364,-17.2,0.552,124.3
STOMP,Stomp,TRUE_GRIT,True Grit,9,5.6,364.1,-17.1,0.544,134.1
HOWL_FROM_BEYOND,Howl From Beyond,VICIOUS,Vicious,9,5.6,365.6,-15.6,0.636,117
OFFERING,Offering,THRASH,Thrash,9,5.6,365.7,-15.5,0.421,125.8
BRIGHTEST_FLAME,Brightest Flame,SHRUG_IT_OFF,Shrug It Off,9,5.6,366.9,-14.3,0.608,116.3
BURNING_PACT,Burning Pact,INFERNAL_BLADE,Infernal Blade,9,5.6,367.3,-13.9,0.513,119.6
BLUDGEON,Bludgeon,DOMINATE,Dominate,9,5.6,367.8,-13.4,0.528,111.7
BLOOD_WALL,Blood Wall,IRON_WAVE,Iron Wave,9,5.6,367.9,-13.3,0.522,110.3
COLOSSUS,Colossus,STAMPEDE,Stampede,9,5.6,369.6,-11.6,0.64,118.4
IRON_WAVE,Iron Wave,UPPERCUT,Uppercut,9,5.6,369.6,-11.6,0.498,115.6
AGGRESSION,Aggression,TAUNT,Taunt,9,5.6,369.7,-11.5,0.551,111.2
BLUDGEON,Bludgeon,TRUE_GRIT,True Grit,9,5.6,370.1,-11.1,0.466,114.8
FLAME_BARRIER,Flame Barrier,FORGOTTEN_RITUAL,Forgotten Ritual,9,5.6,370.8,-10.4,0.542,113.9
BREAK,Break,TREMBLE,Tremble,9,5.6,370.9,-10.3,0.527,108.9
EXPECT_A_FIGHT,Expect A Fight,FIGHT_ME,Fight Me,9,5.6,371,-10.2,0.346,100.9
BLOOD_WALL,Blood Wall,BODY_SLAM,Body Slam,9,5.6,372.1,-9.1,0.522,130.8
ARMAMENTS,Armaments,STONE_ARMOR,Stone Armor,9,5.6,372.3,-8.9,0.536,141.4
COLOSSUS,Colossus,CRUELTY,Cruelty,9,5.6,372.7,-8.5,0.447,114.6
EVIL_EYE,Evil Eye,FIEND_FIRE,Fiend Fire,9,5.6,372.8,-8.4,0.601,118.2
FORGOTTEN_RITUAL,Forgotten Ritual,INFERNAL_BLADE,Infernal Blade,9,5.6,372.9,-8.3,0.614,117.6
ANGER,Anger,FLAME_BARRIER,Flame Barrier,9,5.6,373.6,-7.6,0.609,110.9
TAUNT,Taunt,UNMOVABLE,Unmovable,9,5.6,374.4,-6.7,0.427,117.4
DOMINATE,Dominate,PILLAGE,Pillage,9,5.6,374.8,-6.4,0.592,106.1
THRASH,Thrash,THUNDERCLAP,Thunderclap,9,5.6,375,-6.2,0.502,105.3
FORGOTTEN_RITUAL,Forgotten Ritual,OFFERING,Offering,9,5.6,375.1,-6.1,0.666,109.7
RAGE,Rage,TAUNT,Taunt,9,5.6,376.1,-5.1,0.393,134.1
HOWL_FROM_BEYOND,Howl From Beyond,TREMBLE,Tremble,9,5.6,376.2,-5.0,0.588,117
ANGER,Anger,OFFERING,Offering,9,5.6,377.4,-3.7,0.499,112.2
ARMAMENTS,Armaments,MAD_SCIENCE,Mad Science,9,5.6,377.4,-3.7,0.54,116.4
DOMINATE,Dominate,PACTS_END,Pacts End,9,5.6,378.4,-2.7,0.513,112.6
BATTLE_TRANCE,Battle Trance,BRAND,Brand,9,5.6,379.7,-1.5,0.423,112.2
EXPECT_A_FIGHT,Expect A Fight,HOWL_FROM_BEYOND,Howl From Beyond,9,5.6,379.7,-1.5,0.562,123.1
ARMAMENTS,Armaments,HOWL_FROM_BEYOND,Howl From Beyond,9,5.6,379.8,-1.4,0.675,127.9
CRIMSON_MANTLE,Crimson Mantle,SPITE,Spite,9,5.6,380.1,-1.1,0.546,124.1
ANGER,Anger,STONE_ARMOR,Stone Armor,9,5.6,381.4,0.3,0.539,124
EXPECT_A_FIGHT,Expect A Fight,HAVOC,Havoc,9,5.6,381.6,0.4,0.388,117.1
RUPTURE,Rupture,TREMBLE,Tremble,9,5.6,382,0.8,0.557,122.7
DEMON_FORM,Demon Form,SHRUG_IT_OFF,Shrug It Off,9,5.6,382.2,1.0,0.567,135.4
POMMEL_STRIKE,Pommel Strike,SETUP_STRIKE,Setup Strike,9,5.6,382.4,1.3,0.398,110.7
BREAKTHROUGH,Breakthrough,DOMINATE,Dominate,9,5.6,383.2,2.0,0.371,119.7
BURNING_PACT,Burning Pact,RUPTURE,Rupture,9,5.6,383.6,2.4,0.491,116.2
ASHEN_STRIKE,Ashen Strike,FORGOTTEN_RITUAL,Forgotten Ritual,9,5.6,383.8,2.6,0.598,115
BATTLE_TRANCE,Battle Trance,CASCADE,Cascade X,9,5.6,384,2.8,0.49,110.2
BLOODLETTING,Bloodletting,HEMOKINESIS,Hemokinesis,9,5.6,384.2,3.0,0.422,106.9
DARK_EMBRACE,Dark Embrace,TREMBLE,Tremble,9,5.6,385,3.8,0.651,118
PERFECTED_STRIKE,Perfected Strike,TREMBLE,Tremble,9,5.6,385.1,3.9,0.521,119.6
CONFLAGRATION,Conflagration,SHRUG_IT_OFF,Shrug It Off,9,5.6,385.9,4.7,0.58,114.7
BLOOD_WALL,Blood Wall,DARK_EMBRACE,Dark Embrace,9,5.6,387.2,6.0,0.468,115.9
CRIMSON_MANTLE,Crimson Mantle,TAUNT,Taunt,9,5.6,387.8,6.6,0.472,115.7
IMPERVIOUS,Impervious,VICIOUS,Vicious,9,5.6,388.1,6.9,0.703,115.8
FIGHT_ME,Fight Me,UPPERCUT,Uppercut,9,5.6,388.3,7.1,0.505,116
FEEL_NO_PAIN,Feel No Pain,PILLAGE,Pillage,9,5.6,388.8,7.6,0.583,120.1
INFLAME,Inflame,TAUNT,Taunt,9,5.6,389.3,8.1,0.475,113.9
FEEL_NO_PAIN,Feel No Pain,SHOCKWAVE,Shockwave,9,5.6,391.3,10.1,0.554,129.1
BRAND,Brand,TRUE_GRIT,True Grit,9,5.6,392.2,11.0,0.444,120.6
MAD_SCIENCE,Mad Science,OFFERING,Offering,9,5.6,392.4,11.3,0.48,110.4
FEEL_NO_PAIN,Feel No Pain,STOKE,Stoke,9,5.6,392.7,11.5,0.601,115.9
THRASH,Thrash,UPPERCUT,Uppercut,9,5.6,393.4,12.3,0.455,106.8
AGGRESSION,Aggression,BURNING_PACT,Burning Pact,9,5.6,395.3,14.1,0.486,119.4
CRIMSON_MANTLE,Crimson Mantle,RUPTURE,Rupture,9,5.6,397.1,15.9,0.497,118.2
IRON_WAVE,Iron Wave,TAUNT,Taunt,9,5.6,397.6,16.4,0.397,116.3
FIGHT_ME,Fight Me,VICIOUS,Vicious,9,5.6,398.1,16.9,0.468,113.7
FORGOTTEN_RITUAL,Forgotten Ritual,STOKE,Stoke,9,5.6,399.4,18.3,0.623,118.9
BATTLE_TRANCE,Battle Trance,HOWL_FROM_BEYOND,Howl From Beyond,9,5.6,401,19.8,0.537,117.7
ARMAMENTS,Armaments,RAGE,Rage,9,5.6,401.7,20.5,0.557,129.6
CRUELTY,Cruelty,TRUE_GRIT,True Grit,9,5.6,401.9,20.7,0.365,120.8
BLOOD_WALL,Blood Wall,STOKE,Stoke,9,5.6,402.3,21.1,0.569,120
SHRUG_IT_OFF,Shrug It Off,ULTIMATE_DEFEND,Ultimate Defend,9,5.6,405.1,23.9,0.627,116.7
EXPECT_A_FIGHT,Expect A Fight,STAMPEDE,Stampede,9,5.6,405.9,24.7,0.603,135.7
HEADBUTT,Headbutt,MAD_SCIENCE,Mad Science,9,5.6,406,24.8,0.449,112.3
BULLY,Bully,TRUE_GRIT,True Grit,9,5.6,406.2,25.0,0.527,120.9
PYRE,Pyre,SECOND_WIND,Second Wind,9,5.6,406.3,25.1,0.422,125
FLAME_BARRIER,Flame Barrier,TWIN_STRIKE,Twin Strike,9,5.6,406.6,25.4,0.359,119.9
ASHEN_STRIKE,Ashen Strike,FEEL_NO_PAIN,Feel No Pain,9,5.6,407,25.8,0.511,117.8
HEADBUTT,Headbutt,STOKE,Stoke,9,5.6,407.1,25.9,0.414,114.1
CRUELTY,Cruelty,DOMINATE,Dominate,9,5.6,407.9,26.7,0.407,124.1
FIEND_FIRE,Fiend Fire,FIGHT_ME,Fight Me,9,5.6,407.9,26.7,0.533,113.8
EVIL_EYE,Evil Eye,MAD_SCIENCE,Mad Science,9,5.6,411,29.8,0.503,114
DEMON_FORM,Demon Form,POMMEL_STRIKE,Pommel Strike,9,5.6,412,30.8,0.437,133.3
DRUM_OF_BATTLE,Drum Of Battle,TREMBLE,Tremble,9,5.6,413,31.8,0.541,125.3
BURNING_PACT,Burning Pact,TEAR_ASUNDER,Tear Asunder,9,5.6,414.2,33.0,0.567,110.3
HEADBUTT,Headbutt,INFLAME,Inflame,9,5.6,415.7,34.5,0.544,126.7
BREAKTHROUGH,Breakthrough,COLOSSUS,Colossus,9,5.6,416.1,34.9,0.479,111.9
DISMANTLE,Dismantle,SHRUG_IT_OFF,Shrug It Off,9,5.6,417.9,36.7,0.519,121.7
CRIMSON_MANTLE,Crimson Mantle,PYRE,Pyre,9,5.6,418.3,37.1,0.352,129
DOMINATE,Dominate,NOT_YET,Not Yet,9,5.6,419,37.8,0.654,115
COLOSSUS,Colossus,PILLAGE,Pillage,9,5.6,419.3,38.1,0.481,113.7
SHRUG_IT_OFF,Shrug It Off,TEAR_ASUNDER,Tear Asunder,9,5.6,421.1,39.9,0.473,113.3
INFERNO,Inferno,PERFECTED_STRIKE,Perfected Strike,9,5.6,422,40.8,0.574,122.1
CRIMSON_MANTLE,Crimson Mantle,FLAME_BARRIER,Flame Barrier,9,5.6,422.1,40.9,0.32,124.1
COLOSSUS,Colossus,SWORD_BOOMERANG,Sword Boomerang,9,5.6,422.2,41.0,0.445,116.3
BLOODLETTING,Bloodletting,WISH,Wish,9,5.6,427.1,45.9,0.315,118.2
OFFERING,Offering,PYRE,Pyre,9,5.6,427.2,46.0,0.416,122
SPITE,Spite,TAUNT,Taunt,9,5.6,428,46.8,0.396,126.8
SECOND_WIND,Second Wind,VICIOUS,Vicious,9,5.6,431.4,50.3,0.59,129.8
FEED,Feed,FEEL_NO_PAIN,Feel No Pain,9,5.6,431.8,50.6,0.592,125.1
CONFLAGRATION,Conflagration,UPPERCUT,Uppercut,9,5.6,435.4,54.3,0.463,114.1
MAD_SCIENCE,Mad Science,PYRE,Pyre,9,5.6,438.6,57.4,0.499,120.9
BATTLE_TRANCE,Battle Trance,FEED,Feed,9,5.6,445.7,64.5,0.535,120.4
CRIMSON_MANTLE,Crimson Mantle,SECOND_WIND,Second Wind,9,5.6,448.1,66.9,0.383,122.2
MOLTEN_FIST,Molten Fist,SECOND_WIND,Second Wind,9,5.6,449.2,68.0,0.5,129.8
EVIL_EYE,Evil Eye,IMPERVIOUS,Impervious,8,5.0,303.9,-77.3,0.776,120.9
FLASH_OF_STEEL,Flash Of Steel,SHRUG_IT_OFF,Shrug It Off,8,5.0,319.4,-61.8,0.661,122.5
ANGER,Anger,IMPERVIOUS,Impervious,8,5.0,321.9,-59.3,0.783,117
ANGER,Anger,UNMOVABLE,Unmovable,8,5.0,326.4,-54.8,0.624,108.5
FLASH_OF_STEEL,Flash Of Steel,TREMBLE,Tremble,8,5.0,328.2,-52.9,0.551,120.4
EXPECT_A_FIGHT,Expect A Fight,IMPERVIOUS,Impervious,8,5.0,330.2,-50.9,0.685,109.8
PILLAGE,Pillage,UNMOVABLE,Unmovable,8,5.0,332.5,-48.7,0.666,107
BARRICADE,Barricade,BURNING_PACT,Burning Pact,8,5.0,333.4,-47.8,0.666,131.8
MOLTEN_FIST,Molten Fist,STOMP,Stomp,8,5.0,334,-47.2,0.475,113.2
DOMINATE,Dominate,HOWL_FROM_BEYOND,Howl From Beyond,8,5.0,337.1,-44.1,0.577,111.8
HEADBUTT,Headbutt,WHIRLWIND,Whirlwind X,8,5.0,337.2,-43.9,0.586,122.6
RAGE,Rage,STOMP,Stomp,8,5.0,338,-43.2,0.655,127.6
MANGLE,Mangle,TREMBLE,Tremble,8,5.0,338.6,-42.6,0.42,108.5
BARRICADE,Barricade,TRUE_GRIT,True Grit,8,5.0,339.9,-41.3,0.66,131
ANGER,Anger,STOMP,Stomp,8,5.0,340,-41.2,0.484,112.6
DOMINATE,Dominate,DRUM_OF_BATTLE,Drum Of Battle,8,5.0,340.1,-41.1,0.591,111.2
DARK_EMBRACE,Dark Embrace,FORGOTTEN_RITUAL,Forgotten Ritual,8,5.0,342,-39.2,0.626,110.9
DOMINATE,Dominate,HAVOC,Havoc,8,5.0,345,-36.2,0.575,107.5
THRASH,Thrash,TREMBLE,Tremble,8,5.0,347.9,-33.3,0.618,110.5
SHRUG_IT_OFF,Shrug It Off,ULTIMATE_STRIKE,Ultimate Strike,8,5.0,347.9,-33.3,0.572,105.4
COLOSSUS,Colossus,HOWL_FROM_BEYOND,Howl From Beyond,8,5.0,348.4,-32.8,0.641,133
BLOODLETTING,Bloodletting,BODY_SLAM,Body Slam,8,5.0,348.4,-32.8,0.467,123.4
BLUDGEON,Bludgeon,COLOSSUS,Colossus,8,5.0,349.2,-31.9,0.561,103.2
CRUELTY,Cruelty,TAUNT,Taunt,8,5.0,349.2,-31.9,0.382,114.8
BATTLE_TRANCE,Battle Trance,FINESSE,Finesse,8,5.0,350.5,-30.7,0.584,117.4
FEEL_NO_PAIN,Feel No Pain,MAD_SCIENCE,Mad Science,8,5.0,351,-30.2,0.483,113.9
CASCADE,Cascade X,FORGOTTEN_RITUAL,Forgotten Ritual,8,5.0,351.1,-30.1,0.669,115
HAVOC,Havoc,TREMBLE,Tremble,8,5.0,351.1,-30.1,0.698,107
EXPECT_A_FIGHT,Expect A Fight,STOMP,Stomp,8,5.0,351.6,-29.6,0.441,114.1
ARMAMENTS,Armaments,STOMP,Stomp,8,5.0,352.1,-29.1,0.605,128.4
BLOODLETTING,Bloodletting,ULTIMATE_STRIKE,Ultimate Strike,8,5.0,352.2,-28.9,0.561,110.5
ARMAMENTS,Armaments,FINESSE,Finesse,8,5.0,352.5,-28.7,0.547,113.1
POMMEL_STRIKE,Pommel Strike,ULTIMATE_STRIKE,Ultimate Strike,8,5.0,353.4,-27.8,0.55,109.4
DOMINATE,Dominate,TEAR_ASUNDER,Tear Asunder,8,5.0,355,-26.2,0.525,103.6
STONE_ARMOR,Stone Armor,TAUNT,Taunt,8,5.0,356.2,-24.9,0.511,141.4
BRIGHTEST_FLAME,Brightest Flame,TAUNT,Taunt,8,5.0,356.4,-24.8,0.622,114.5
DOMINATE,Dominate,RUPTURE,Rupture,8,5.0,356.9,-24.3,0.515,107
TREMBLE,Tremble,WHIRLWIND,Whirlwind X,8,5.0,357,-24.2,0.628,119.8
OFFERING,Offering,STONE_ARMOR,Stone Armor,8,5.0,357.1,-24.1,0.41,122.2
ANGER,Anger,CRUELTY,Cruelty,8,5.0,358.6,-22.6,0.461,115
BATTLE_TRANCE,Battle Trance,WHIRLWIND,Whirlwind X,8,5.0,358.6,-22.6,0.487,125.8
UNRELENTING,Unrelenting,VICIOUS,Vicious,8,5.0,358.8,-22.4,0.357,112.8
FIEND_FIRE,Fiend Fire,FORGOTTEN_RITUAL,Forgotten Ritual,8,5.0,358.9,-22.3,0.523,110.9
BATTLE_TRANCE,Battle Trance,BULLY,Bully,8,5.0,359.1,-22.1,0.588,113.9
COLOSSUS,Colossus,UNRELENTING,Unrelenting,8,5.0,359.5,-21.7,0.498,106.9
FORGOTTEN_RITUAL,Forgotten Ritual,STAMPEDE,Stampede,8,5.0,359.6,-21.6,0.642,120.5
DRUM_OF_BATTLE,Drum Of Battle,FEEL_NO_PAIN,Feel No Pain,8,5.0,359.6,-21.6,0.542,121.9
HOWL_FROM_BEYOND,Howl From Beyond,TAUNT,Taunt,8,5.0,360.9,-20.3,0.646,117.8
SWORD_BOOMERANG,Sword Boomerang,TRUE_GRIT,True Grit,8,5.0,361.1,-20.1,0.518,113.6
BLOOD_WALL,Blood Wall,THRASH,Thrash,8,5.0,361.4,-19.8,0.556,100.5
TRUE_GRIT,True Grit,UNRELENTING,Unrelenting,8,5.0,361.6,-19.6,0.498,132.9
ASHEN_STRIKE,Ashen Strike,PERFECTED_STRIKE,Perfected Strike,8,5.0,363.2,-17.9,0.63,109.8
FIEND_FIRE,Fiend Fire,STOKE,Stoke,8,5.0,363.2,-17.9,0.499,114.5
EXTERMINATE,Exterminate,SHRUG_IT_OFF,Shrug It Off,8,5.0,363.9,-17.3,0.419,92.9
AGGRESSION,Aggression,TRUE_GRIT,True Grit,8,5.0,364.5,-16.7,0.558,119.2
HOWL_FROM_BEYOND,Howl From Beyond,OFFERING,Offering,8,5.0,364.8,-16.4,0.522,115.4
STOKE,Stoke,UNMOVABLE,Unmovable,8,5.0,364.8,-16.4,0.589,120.1
COLOSSUS,Colossus,STOMP,Stomp,8,5.0,365.4,-15.8,0.525,100.2
BRIGHTEST_FLAME,Brightest Flame,POMMEL_STRIKE,Pommel Strike,8,5.0,366,-15.2,0.59,114.2
BULLY,Bully,HEADBUTT,Headbutt,8,5.0,366.4,-14.8,0.525,124.9
BATTLE_TRANCE,Battle Trance,HAVOC,Havoc,8,5.0,367,-14.2,0.459,109.8
BREAKTHROUGH,Breakthrough,FIEND_FIRE,Fiend Fire,8,5.0,367.6,-13.6,0.321,109.2
SHOCKWAVE,Shockwave,VICIOUS,Vicious,8,5.0,370.8,-10.4,0.546,109.1
CASCADE,Cascade X,COLOSSUS,Colossus,8,5.0,370.8,-10.4,0.512,109.5
FORGOTTEN_RITUAL,Forgotten Ritual,RAGE,Rage,8,5.0,371.1,-10.1,0.645,117.8
ANGER,Anger,PERFECTED_STRIKE,Perfected Strike,8,5.0,371.1,-10.1,0.604,124
BRAND,Brand,BURNING_PACT,Burning Pact,8,5.0,371.5,-9.7,0.44,115.6
CASCADE,Cascade X,DOMINATE,Dominate,8,5.0,371.9,-9.3,0.517,105.2
ARMAMENTS,Armaments,WHIRLWIND,Whirlwind X,8,5.0,371.9,-9.3,0.444,115.8
CRUELTY,Cruelty,MOLTEN_FIST,Molten Fist,8,5.0,371.9,-9.3,0.375,119.8
HOWL_FROM_BEYOND,Howl From Beyond,STAMPEDE,Stampede,8,5.0,372.6,-8.6,0.584,123
IMPERVIOUS,Impervious,UPPERCUT,Uppercut,8,5.0,373.8,-7.4,0.532,127.6
ASHEN_STRIKE,Ashen Strike,THUNDERCLAP,Thunderclap,8,5.0,373.9,-7.3,0.434,107.9
FLAME_BARRIER,Flame Barrier,UNMOVABLE,Unmovable,8,5.0,374.5,-6.7,0.564,126
ANGER,Anger,HAVOC,Havoc,8,5.0,374.8,-6.4,0.6,116
TRUE_GRIT,True Grit,WHIRLWIND,Whirlwind X,8,5.0,375.4,-5.8,0.41,117.8
MOLTEN_FIST,Molten Fist,TWIN_STRIKE,Twin Strike,8,5.0,375.6,-5.6,0.431,115.4
EVIL_EYE,Evil Eye,UNMOVABLE,Unmovable,8,5.0,375.6,-5.6,0.594,108.4
STOMP,Stomp,THUNDERCLAP,Thunderclap,8,5.0,376,-5.2,0.57,105.5
DOMINATE,Dominate,EXTERMINATE,Exterminate,8,5.0,376.8,-4.4,0.472,99.2
BLOOD_WALL,Blood Wall,HOWL_FROM_BEYOND,Howl From Beyond,8,5.0,376.9,-4.3,0.555,118.6
EVIL_EYE,Evil Eye,PILLAGE,Pillage,8,5.0,377.2,-3.9,0.723,115.9
BRAND,Brand,TREMBLE,Tremble,8,5.0,377.6,-3.6,0.54,118.5
MANGLE,Mangle,VICIOUS,Vicious,8,5.0,377.6,-3.6,0.513,108.5
BLOODLETTING,Bloodletting,INFERNAL_BLADE,Infernal Blade,8,5.0,378,-3.2,0.624,116.8
HAVOC,Havoc,POMMEL_STRIKE,Pommel Strike,8,5.0,378.5,-2.7,0.397,112.2
AUTOMATION,Automation,BLOODLETTING,Bloodletting,8,5.0,379.1,-2.1,0.424,110.6
HAVOC,Havoc,HEADBUTT,Headbutt,8,5.0,380.6,-0.6,0.536,119.9
SPITE,Spite,TREMBLE,Tremble,8,5.0,380.8,-0.4,0.572,132.4
IRON_WAVE,Iron Wave,THRASH,Thrash,8,5.0,381.2,0.1,0.427,116.8
CRUELTY,Cruelty,FORGOTTEN_RITUAL,Forgotten Ritual,8,5.0,381.2,0.1,0.363,125.1
CINDER,Cinder,POMMEL_STRIKE,Pommel Strike,8,5.0,381.4,0.2,0.512,113.8
ANGER,Anger,INFLAME,Inflame,8,5.0,381.4,0.2,0.663,124
PERFECTED_STRIKE,Perfected Strike,UNMOVABLE,Unmovable,8,5.0,382,0.8,0.523,126.1
DRUM_OF_BATTLE,Drum Of Battle,EVIL_EYE,Evil Eye,8,5.0,382.5,1.3,0.63,127.5
MAD_SCIENCE,Mad Science,UNMOVABLE,Unmovable,8,5.0,382.6,1.4,0.439,116.6
RUPTURE,Rupture,VICIOUS,Vicious,8,5.0,382.9,1.7,0.542,112.4
FLAME_BARRIER,Flame Barrier,MAD_SCIENCE,Mad Science,8,5.0,383,1.8,0.516,115.1
ARMAMENTS,Armaments,SHOCKWAVE,Shockwave,8,5.0,383.4,2.2,0.645,119.6
DRUM_OF_BATTLE,Drum Of Battle,FLAME_BARRIER,Flame Barrier,8,5.0,383.9,2.7,0.475,112.2
HEMOKINESIS,Hemokinesis,SHRUG_IT_OFF,Shrug It Off,8,5.0,384.6,3.4,0.572,131.1
DARK_EMBRACE,Dark Embrace,OFFERING,Offering,8,5.0,384.6,3.4,0.488,119.6
CRIMSON_MANTLE,Crimson Mantle,VICIOUS,Vicious,8,5.0,385.6,4.4,0.448,113.1
BURNING_PACT,Burning Pact,SPITE,Spite,8,5.0,388,6.8,0.555,118.1
BLOODLETTING,Bloodletting,ULTIMATE_DEFEND,Ultimate Defend,8,5.0,388.9,7.7,0.653,116.9
CRUELTY,Cruelty,TREMBLE,Tremble,8,5.0,389,7.8,0.419,122.8
DRUM_OF_BATTLE,Drum Of Battle,VICIOUS,Vicious,8,5.0,389.4,8.2,0.678,117.1
ARMAMENTS,Armaments,INFLAME,Inflame,8,5.0,389.9,8.7,0.427,123.9
FORGOTTEN_RITUAL,Forgotten Ritual,MAD_SCIENCE,Mad Science,8,5.0,390.9,9.7,0.492,122.6
BULLY,Bully,COLOSSUS,Colossus,8,5.0,391.9,10.7,0.535,111.8
BURNING_PACT,Burning Pact,NOT_YET,Not Yet,8,5.0,392.4,11.2,0.617,118.9
EVIL_EYE,Evil Eye,HOWL_FROM_BEYOND,Howl From Beyond,8,5.0,392.9,11.7,0.577,116.9
DARK_EMBRACE,Dark Embrace,STOKE,Stoke,8,5.0,393.1,11.9,0.519,119.8
ARMAMENTS,Armaments,CASCADE,Cascade X,8,5.0,393.4,12.2,0.499,114.5
ARMAMENTS,Armaments,TEAR_ASUNDER,Tear Asunder,8,5.0,394.8,13.6,0.463,111.2
BURNING_PACT,Burning Pact,DEMON_FORM,Demon Form,8,5.0,394.8,13.6,0.533,131.5
BLOOD_WALL,Blood Wall,DISMANTLE,Dismantle,8,5.0,395.6,14.4,0.452,106.8
AGGRESSION,Aggression,COLOSSUS,Colossus,8,5.0,395.9,14.7,0.61,114.5
BLOOD_WALL,Blood Wall,CINDER,Cinder,8,5.0,396.8,15.6,0.576,118.8
DARK_EMBRACE,Dark Embrace,FEEL_NO_PAIN,Feel No Pain,8,5.0,397.1,15.9,0.698,120.5
FLAME_BARRIER,Flame Barrier,STOKE,Stoke,8,5.0,397.1,15.9,0.369,122.6
MAD_SCIENCE,Mad Science,TREMBLE,Tremble,8,5.0,398.8,17.6,0.575,114.5
BATTLE_TRANCE,Battle Trance,BREAK,Break,8,5.0,398.9,17.7,0.41,110.4
ANGER,Anger,STAMPEDE,Stampede,8,5.0,399.1,17.9,0.458,120.2
HEADBUTT,Headbutt,HELLRAISER,Hellraiser,8,5.0,399.1,17.9,0.595,119.1
ANGER,Anger,MOLTEN_FIST,Molten Fist,8,5.0,399.2,18.1,0.489,117.6
INFLAME,Inflame,PYRE,Pyre,8,5.0,399.5,18.3,0.355,129.4
INFLAME,Inflame,VICIOUS,Vicious,8,5.0,399.8,18.6,0.683,123.1
HEADBUTT,Headbutt,SPITE,Spite,8,5.0,400.2,19.1,0.492,125.5
FLAME_BARRIER,Flame Barrier,PERFECTED_STRIKE,Perfected Strike,8,5.0,400.4,19.2,0.304,119.6
SECOND_WIND,Second Wind,STOKE,Stoke,8,5.0,401.6,20.4,0.632,129.4
CRUELTY,Cruelty,RAGE,Rage,8,5.0,403.2,22.1,0.381,121.2
INFERNO,Inferno,PYRE,Pyre,8,5.0,403.5,22.3,0.552,111.9
ASHEN_STRIKE,Ashen Strike,FIEND_FIRE,Fiend Fire,8,5.0,403.5,22.3,0.534,116.8
FEEL_NO_PAIN,Feel No Pain,INFLAME,Inflame,8,5.0,405,23.8,0.431,126.8
PILLAGE,Pillage,VICIOUS,Vicious,8,5.0,405,23.8,0.611,111.2
BATTLE_TRANCE,Battle Trance,TEAR_ASUNDER,Tear Asunder,8,5.0,405.6,24.4,0.471,110.1
POMMEL_STRIKE,Pommel Strike,ULTIMATE_DEFEND,Ultimate Defend,8,5.0,408.2,27.1,0.629,115.6
BLOOD_WALL,Blood Wall,BLUDGEON,Bludgeon,8,5.0,408.9,27.7,0.465,111.5
CRIMSON_MANTLE,Crimson Mantle,EVIL_EYE,Evil Eye,8,5.0,408.9,27.7,0.454,121.1
FIGHT_ME,Fight Me,SHOCKWAVE,Shockwave,8,5.0,410.2,29.1,0.503,119.1
PYRE,Pyre,SWORD_BOOMERANG,Sword Boomerang,8,5.0,410.2,29.1,0.396,122
NOT_YET,Not Yet,VICIOUS,Vicious,8,5.0,411.5,30.3,0.757,124.5
FEEL_NO_PAIN,Feel No Pain,PERFECTED_STRIKE,Perfected Strike,8,5.0,412.1,30.9,0.441,122.2
FIGHT_ME,Fight Me,HEADBUTT,Headbutt,8,5.0,412.4,31.2,0.465,110.9
ASHEN_STRIKE,Ashen Strike,BREAKTHROUGH,Breakthrough,8,5.0,412.6,31.4,0.308,111
JUGGLING,Juggling,UPPERCUT,Uppercut,8,5.0,412.6,31.4,0.517,119.9
ASHEN_STRIKE,Ashen Strike,CRIMSON_MANTLE,Crimson Mantle,8,5.0,414.6,33.4,0.361,117.5
FLAME_BARRIER,Flame Barrier,HELLRAISER,Hellraiser,8,5.0,415,33.8,0.436,106
JUGGLING,Juggling,TREMBLE,Tremble,8,5.0,415.5,34.3,0.589,125.5
DRUM_OF_BATTLE,Drum Of Battle,PYRE,Pyre,8,5.0,416.5,35.3,0.447,121.9
DISMANTLE,Dismantle,MOLTEN_FIST,Molten Fist,8,5.0,417,35.8,0.449,121.2
ARMAMENTS,Armaments,HELLRAISER,Hellraiser,8,5.0,418.1,36.9,0.636,122.9
MOLTEN_FIST,Molten Fist,STONE_ARMOR,Stone Armor,8,5.0,418.1,36.9,0.321,130.6
HELLRAISER,Hellraiser,UPPERCUT,Uppercut,8,5.0,418.9,37.7,0.375,113.6
SWORD_BOOMERANG,Sword Boomerang,TREMBLE,Tremble,8,5.0,420.4,39.2,0.378,120
EXPECT_A_FIGHT,Expect A Fight,UNRELENTING,Unrelenting,8,5.0,420.5,39.3,0.438,113.5
FIEND_FIRE,Fiend Fire,TEAR_ASUNDER,Tear Asunder,8,5.0,421.1,39.9,0.439,110.1
ASHEN_STRIKE,Ashen Strike,DRUM_OF_BATTLE,Drum Of Battle,8,5.0,423.4,42.2,0.467,121
FEED,Feed,UPPERCUT,Uppercut,8,5.0,423.8,42.6,0.508,124.9
AGGRESSION,Aggression,UPPERCUT,Uppercut,8,5.0,424.8,43.6,0.555,116.5
BLOODLETTING,Bloodletting,CONFLAGRATION,Conflagration,8,5.0,426,44.8,0.564,113.6
CONFLAGRATION,Conflagration,EVIL_EYE,Evil Eye,8,5.0,426.4,45.2,0.458,111
COLOSSUS,Colossus,RAGE,Rage,8,5.0,428.4,47.2,0.429,118.1
PACTS_END,Pacts End,SHRUG_IT_OFF,Shrug It Off,8,5.0,428.9,47.7,0.589,132.1
BLUDGEON,Bludgeon,OFFERING,Offering,8,5.0,431.1,49.9,0.522,124.8
HEADBUTT,Headbutt,STAMPEDE,Stampede,8,5.0,433.1,51.9,0.495,125.6
BREAKTHROUGH,Breakthrough,PYRE,Pyre,8,5.0,439,57.8,0.434,114.5
DISMANTLE,Dismantle,TREMBLE,Tremble,8,5.0,441,59.8,0.463,121.2
DISMANTLE,Dismantle,HEADBUTT,Headbutt,8,5.0,443.2,62.1,0.408,123.9
BLOOD_WALL,Blood Wall,SECOND_WIND,Second Wind,8,5.0,444.5,63.3,0.599,130.5
BREAKTHROUGH,Breakthrough,TREMBLE,Tremble,8,5.0,445.8,64.6,0.393,120.6
DOMINATE,Dominate,FEED,Feed,8,5.0,449.9,68.7,0.544,128.2
FLAME_BARRIER,Flame Barrier,PACTS_END,Pacts End,8,5.0,450.1,68.9,0.439,131.6
EXPECT_A_FIGHT,Expect A Fight,RAGE,Rage,8,5.0,450.6,69.4,0.409,129.2
FLAME_BARRIER,Flame Barrier,INFERNO,Inferno,8,5.0,461.8,80.6,0.376,120.4
BREAKTHROUGH,Breakthrough,FLAME_BARRIER,Flame Barrier,8,5.0,462.5,81.3,0.317,114
PYRE,Pyre,UNRELENTING,Unrelenting,8,5.0,462.6,81.4,0.417,130.1
BLOOD_WALL,Blood Wall,FEED,Feed,8,5.0,463.8,82.6,0.462,128.1
HEADBUTT,Headbutt,SWORD_BOOMERANG,Sword Boomerang,8,5.0,464.1,82.9,0.368,120.5
CRIMSON_MANTLE,Crimson Mantle,MOLTEN_FIST,Molten Fist,8,5.0,472.4,91.2,0.431,131.8
FEED,Feed,TREMBLE,Tremble,8,5.0,486.5,105.3,0.519,134.2
